Workbook

Sheet 全国暖通、空调室外气象参数表《GB50736-2012》 
A1: 全国民用建筑供暖通风与空气调节设计规范《GB50736-2012》 附录A 室外气象参数 2012-12-08日编制於北京
A2: 省份 | B2: 城市名称 | D2: 站台名称 | E2: 台站位置 | H2: 统计年份 | I2: 年平均温度（℃) | J2: 室外计算温、湿度(℃) | S2: 室外风向、风速及频率 注明：E-东；东风。S-南；南风。W-西；西风。N-北；北风。C-静风。 | AC2: 冬季日照百分率(%) | AD2: 最大冻土深度（㎝) | AE2: 大气压力（hPa) | AG2: 设计计算用供暖期天数及其平均温度 | AM2: 极端最高温度（℃) | AN2: 极端最低温度（℃)
E3: 北纬 | F3: 东经 | G3: 海拔（m) | J3: 冬季 | N3: 夏季 | S3: 夏季 | W3: 冬季 | AA3: 年最多风向 | AB3: 年最多风向的频率(%) | AE3: 冬季 | AF3: 夏季 | AG3: 日平均温度≤+5℃的天数 | AH3: 日平均温度≤+5℃的起止日期 | AI3: 平均温度≤+5℃期间内的平均温度（℃) | AJ3: 日平均温度≤+8℃的天数 | AK3: 日平均温度≤+8℃的起止日期 | AL3: 平均温度≤+8℃期间内的平均温度（℃)
J4: 供暖(℃) | K4: 通风(℃) | L4: 空调(℃) | M4: 空调相对湿度(%) | N4: 空气调节干球温度(℃) | O4: 空气调节室外计算湿球温度(℃） | P4: 通风计算温度(℃） | Q4: 通风计算相对湿度(%) | R4: 空气调节室外计算日平均温度(℃ | S4: 平均风速（m/s） | T4: 最多风向 | U4: 最多风向的频率(%) | V4: 最多风向的平均风速（m/s） | W4: 平均风速（m/s） | X4: 最多风向 | Y4: 最多风向的频率(%) | Z4: 最多风向的平均风速（m/s）
A5: 北京 | B5: 1 | C5: 北京 | D5: 北京5411 | E5: 39°48′ | F5: 116°28′ | G5: 31.3 | H5: 1971-2000 | I5: 12.3 | J5: -7.6 | K5: -3.6 | L5: -9.9 | M5: 44 | N5: 33.5 | O5: 26.4 | P5: 29.7 | Q5: 61 | R5: 29.6 | S5: 2.1 | T5: C SW | U5: 18 10 | V5: 3 | W5: 2.6 | X5: C N | Y5: 19 12 | Z5: 4.7 | AA5: C SW | AB5: 17 10 | AC5: 64 | AD5: 66 | AE5: 1021.7 | AF5: 1000.2 | AG5: 123 | AH5: 11.12--03.14 | AI5: -0.7 | AJ5: 144 | AK5: 11.04--03.27 | AL5: 0.3 | AM5: 41.9 | AN5: -18.3
A6: 天津 | B6: 1 | C6: 天津 | D6: 天津54527 | E6: 39°05′ | F6: 117°04′ | G6: 2.5 | H6: 1971-2000 | I6: 12.7 | J6: -7 | K6: -3.5 | L6: -9.6 | M6: 56 | N6: 33.9 | O6: 26.8 | P6: 29.8 | Q6: 63 | R6: 29.4 | S6: 2.2 | T6: C S | U6: 15 9 | V6: 2.4 | W6: 2.4 | X6: C N | Y6: 20 11 | Z6: 4.8 | AA6: C SW | AB6: 16 9 | AC6: 58 | AD6: 58 | AE6: 1027.1 | AF6: 1005.2 | AG6: 121 | AH6: 11.13--03.13 | AI6: -0.6 | AJ6: 142 | AK6: 11.06--03.27 | AL6: 0.4 | AM6: 40.5 | AN6: -17.8
B7: 2 | C7: 塘沽 | D7: 塘沽54623 | E7: 39°00′ | F7: 117°43′ | G7: 2.7 | H7: 1971-2000 | I7: 12.6 | J7: -6.8 | K7: -3.3 | L7: -9.2 | M7: 59 | N7: 32.5 | O7: 26.9 | P7: 28.8 | Q7: 68 | R7: 29.6 | S7: 4.2 | T7: SSE | U7: 12 | V7: 4.3 | W7: 3.9 | X7: NNW | Y7: 13 | Z7: 5.8 | AA7: NNW | AB7: 8 | AC7: 63 | AD7: 59 | AE7: 1026.3 | AF7: 1004.6 | AG7: 122 | AH7: 11.15--03.16 | AI7: -0.4 | AJ7: 143 | AK7: 11.07--03.29 | AL7: 0.6 | AM7: 40.9 | AN7: -15.4
A8: 河北省 | B8: 1 | C8: 石家庄 | D8: 石家庄53698 | E8: 38°02′ | F8: 114°25′ | G8: 81 | H8: 1971-2000 | I8: 13.4 | J8: -6.2 | K8: -2.3 | L8: -8.8 | M8: 55 | N8: 35.1 | O8: 26.8 | P8: 30.8 | Q8: 60 | R8: 30 | S8: 1.7 | T8: C S | U8: 26 13 | V8: 2.6 | W8: 1.8 | X8: C NNE | Y8: 25 12 | Z8: 2 | AA8: C S | AB8: 25 12 | AC8: 56 | AD8: 56 | AE8: 1017.2 | AF8: 995.8 | AG8: 111 | AH8: 11.15--03.05 | AI8: 0.1 | AJ8: 140 | AK8: 11.07--03.26 | AL8: 1.5 | AM8: 41.5 | AN8: -19.3
B9: 2 | C9: 唐山 | D9: 唐山54534 | E9: 39°40′ | F9: 118°09′ | G9: 27.8 | H9: 1971-2000 | I9: 11.5 | J9: -9.2 | K9: -5.1 | L9: -11.6 | M9: 55 | N9: 32.9 | O9: 26.3 | P9: 29.2 | Q9: 63 | R9: 28.5 | S9: 2.3 | T9: C ESE | U9: 14 11 | V9: 2.8 | W9: 2.2 | X9: C WNW | Y9: 22 11 | Z9: 2.9 | AA9: C ESE | AB9: 17 18 | AC9: 60 | AD9: 72 | AE9: 1023.6 | AF9: 1002.4 | AG9: 130 | AH9: 11.10--03.19 | AI9: -1.6 | AJ9: 146 | AK9: 11.04--03.29 | AL9: -0.7 | AM9: 39.6 | AN9: -22.7
B10: 3 | C10: 邢台 | D10: 邢台53798 | E10: 37°04′ | F10: 114°30′ | G10: 76.8 | H10: 1971-2000 | I10: 13.9 | J10: -5.5 | K10: -1.6 | L10: -8 | M10: 57 | N10: 35.1 | O10: 26.9 | P10: 31 | Q10: 61 | R10: 30.2 | S10: 1.7 | T10: C SSW | U10: 23 13 | V10: 2.3 | W10: 1.4 | X10: C NNE | Y10: 27 10 | Z10: 2 | AA10: C SSW | AB10: 24 13 | AC10: 56 | AD10: 46 | AE10: 1017.7 | AF10: 996.2 | AG10: 105 | AH10: 11.19--03.03 | AI10: 0.5 | AJ10: 129 | AK10: 11.08--03.16 | AL10: 1.8 | AM10: 41.1 | AN10: -20.2
B11: 4 | C11: 保定 | D11: 保定54602 | E11: 38°51′ | F11: 115°31′ | G11: 17.2 | H11: 1971-2000 | I11: 12.9 | J11: -7 | K11: -3.2 | L11: -9.5 | M11: 55 | N11: 34.8 | O11: 26.6 | P11: 30.4 | Q11: 61 | R11: 29.8 | S11: 2 | T11: C SW | U11: 18 14 | V11: 2.5 | W11: 1.8 | X11: C SW | Y11: 23 12 | Z11: 2.3 | AA11: C SW | AB11: 19 14 | AC11: 56 | AD11: 58 | AE11: 1025.1 | AF11: 1002.9 | AG11: 119 | AH11: 11.13--03.11 | AI11: -0.5 | AJ11: 142 | AK11: 11.05--03.27 | AL11: 0.7 | AM11: 41.6 | AN11: -19.6
B12: 5 | C12: 张家口 | D12: 张家口54401 | E12: 40°47′ | F12: 114°53′ | G12: 724.2 | H12: 1971-2000 | I12: 8.8 | J12: -13.6 | K12: -8.3 | L12: -16.2 | M12: 41 | N12: 32.1 | O12: 22.6 | P12: 27.8 | Q12: 50 | R12: 27 | S12: 2.1 | T12: C SE | U12: 19 15 | V12: 2.9 | W12: 2.8 | X12: N | Y12: 35 | Z12: 3.5 | AA12: N | AB12: 26 | AC12: 65 | AD12: 136 | AE12: 939.5 | AF12: 925 | AG12: 146 | AH12: 11.03--03.28 | AI12: -3.9 | AJ12: 168 | AK12: 10.20--04.05 | AL12: -2.6 | AM12: 39.2 | AN12: -24.6
B13: 6 | C13: 承德 | D13: 承德54423 | E13: 40°58′ | F13: 117°56′ | G13: 377.2 | H13: 1971-2000 | I13: 9.1 | J13: -13.3 | K13: -9.1 | L13: -15.7 | M13: 51 | N13: 32.7 | O13: 24.1 | P13: 28.7 | Q13: 55 | R13: 27.4 | S13: 0.9 | T13: C SSW | U13: 61 6 | V13: 2.5 | W13: 1 | X13: C NW | Y13: 66 10 | Z13: 3.3 | AA13: C NW | AB13: 61 6 | AC13: 65 | AD13: 126 | AE13: 980.5 | AF13: 963.3 | AG13: 145 | AH13: 11.03--03.27 | AI13: -4.1 | AJ13: 166 | AK13: 10.21--04.04 | AL13: -2.9 | AM13: 43.3 | AN13: -24.2
B14: 7 | C14: 秦皇岛 | D14: 秦皇岛54449 | E14: 39°56′ | F14: 119°36′ | G14: 2.6 | H14: 1971-2000 | I14: 11 | J14: -9.6 | K14: -4.8 | L14: -12 | M14: 51 | N14: 30.6 | O14: 25.9 | P14: 27.5 | Q14: 55 | R14: 27.7 | S14: 2.3 | T14: C WSW | U14: 19 10 | V14: 2.7 | W14: 2.5 | X14: C WNW | Y14: 19 13 | Z14: 3 | AA14: C WNW | AB14: 18 10 | AC14: 64 | AD14: 85 | AE14: 1026.4 | AF14: 1005.6 | AG14: 135 | AH14: 11.12--03.26 | AI14: -1.2 | AJ14: 153 | AK14: 11.04--04.05 | AL14: -0.3 | AM14: 39.2 | AN14: -20.8
B15: 8 | C15: 沧州 | D15: 沧州54616 | E15: 38°20′ | F15: 116°50′ | G15: 9.6 | H15: 1971-1995 | I15: 12.9 | J15: -7.1 | K15: -3 | L15: -9.6 | M15: 57 | N15: 34.3 | O15: 26.7 | P15: 30.1 | Q15: 63 | R15: 29.7 | S15: 2.9 | T15: SW | U15: 12 | V15: 2.7 | W15: 2.6 | X15: SW | Y15: 12 | Z15: 2.8 | AA15: SW | AB15: 14 | AC15: 64 | AD15: 43 | AE15: 1027 | AF15: 1004 | AG15: 118 | AH15: 11.15--03.12 | AI15: -0.5 | AJ15: 141 | AK15: 11.07--03.27 | AL15: 0.7 | AM15: 40.5 | AN15: -19.5
B16: 9 | C16: 廊坊 | D16: 霸州54518 | E16: 39°07′ | F16: 116°23′ | G16: 9 | H16: 1971-2000 | I16: 12.2 | J16: -8.3 | K16: -4.4 | L16: -11 | M16: 54 | N16: 34.4 | O16: 26.6 | P16: 30.1 | Q16: 61 | R16: 29.6 | S16: 2.2 | T16: C SW | U16: 12 9 | V16: 2.5 | W16: 2.1 | X16: C NE | Y16: 19 11 | Z16: 3.3 | AA16: C SW | AB16: 14 10 | AC16: 57 | AD16: 67 | AE16: 1026.4 | AF16: 1004 | AG16: 124 | AH16: 11.11--03.14 | AI16: -1.3 | AJ16: 143 | AK16: 11.05--03.27 | AL16: -0.3 | AM16: 41.3 | AN16: -21.5
B17: 10 | C17: 衡水 | D17: 饶阳54606 | E17: 38°14′ | F17: 115°44′ | G17: 18.9 | H17: 1971-2000 | I17: 12.5 | J17: -7.9 | K17: -3.9 | L17: -10.4 | M17: 59 | N17: 34.8 | O17: 26.9 | P17: 30.5 | Q17: 61 | R17: 29.6 | S17: 2.2 | T17: C SW | U17: 15 11 | V17: 3 | W17: 2 | X17: C SW | Y17: 19 9 | Z17: 2.6 | AA17: C SW | AB17: 15 11 | AC17: 63 | AD17: 77 | AE17: 1024.9 | AF17: 1002.8 | AG17: 122 | AH17: 11.12--03.13 | AI17: -0.9 | AJ17: 143 | AK17: 11.05--03.27 | AL17: 0.2 | AM17: 41.2 | AN17: -22.6
A18: 山西省 | B18: 1 | C18: 太原 | D18: 太原53772 | E18: 37°47′ | F18: 112°33′ | G18: 778.3 | H18: 1971-2000 | I18: 10 | J18: -10.1 | K18: -5.5 | L18: -12.8 | M18: 50 | N18: 31.5 | O18: 23.8 | P18: 27.8 | Q18: 58 | R18: 26.1 | S18: 1.8 | T18: C N | U18: 30 10 | V18: 2.4 | W18: 2 | X18: C N | Y18: 30 13 | Z18: 2.6 | AA18: C N | AB18: 29 11 | AC18: 57 | AD18: 72 | AE18: 933.5 | AF18: 919.8 | AG18: 141 | AH18: 10.06--03.26 | AI18: -1.7 | AJ18: 160 | AK18: 10.23--03.31 | AL18: -0.7 | AM18: 37.4 | AN18: -22.7
B19: 2 | C19: 大同 | D19: 大同53487 | E19: 40°06′ | F19: 113°20′ | G19: 1067.2 | H19: 1971-2000 | I19: 7 | J19: -16.3 | K19: -10.6 | L19: -18.9 | M19: 50 | N19: 30.9 | O19: 21.2 | P19: 26.4 | Q19: 49 | R19: 25.3 | S19: 2.5 | T19: C NNE | U19: 17 12 | V19: 3.1 | W19: 2.8 | X19: N | Y19: 19 | Z19: 3.3 | AA19: C NNE | AB19: 16 15 | AC19: 61 | AD19: 186 | AE19: 899.9 | AF19: 889.1 | AG19: 163 | AH19: 10.24--04.04 | AI19: -4.8 | AJ19: 183 | AK19: 10.14--04.14 | AL19: -3.5 | AM19: 37.2 | AN19: -27.2
B20: 3 | C20: 阳泉 | D20: 阳泉53782 | E20: 37°51′ | F20: 113°33′ | G20: 741.9 | H20: 1971-2000 | I20: 11.3 | J20: -8.3 | K20: -3.4 | L20: -10.4 | M20: 43 | N20: 32.8 | O20: 23.6 | P20: 28.2 | Q20: 55 | R20: 27.4 | S20: 1.6 | T20: C ENE | U20: 33 9 | V20: 2.3 | W20: 2.2 | X20: C NNW | Y20: 30 19 | Z20: 3.7 | AA20: C NNW | AB20: 31 13 | AC20: 62 | AD20: 62 | AE20: 937.1 | AF20: 923.8 | AG20: 126 | AH20: 11.12--03.17 | AI20: -0.5 | AJ20: 146 | AK20: 11.04--03.29 | AL20: 0.3 | AM20: 40.2 | AN20: -16.2
B21: 4 | C21: 运城 | D21: 运城53959 | E21: 35°02′ | F21: 111°01′ | G21: 376 | H21: 1971-2000 | I21: 9.14 | J21: -4.5 | K21: -0.9 | L21: -7.4 | M21: 57 | N21: 35.8 | O21: 26 | P21: 31.3 | Q21: 55 | R21: 31.5 | S21: 3.1 | T21: SSE | U21: 16 | V21: 5 | W21: 2.4 | X21: C W | Y21: 24 9 | Z21: 2.8 | AA21: C SSE | AB21: 18 11 | AC21: 49 | AD21: 39 | AE21: 982 | AF21: 962.7 | AG21: 101 | AH21: 11.22--03.02 | AI21: 0.9 | AJ21: 127 | AK21: 11.08--03.14 | AL21: 2 | AM21: 41.2 | AN21: -18.9
B22: 5 | C22: 晋城 | D22: 阳城53975 | E22: 35°29′ | F22: 112°24′ | G22: 659.5 | H22: 1971-2000 | I22: 11.8 | J22: -6.6 | K22: -2.6 | L22: -9.1 | M22: 53 | N22: 32.7 | O22: 24.6 | P22: 28.8 | Q22: 59 | R22: 27.3 | S22: 1.7 | T22: C SSE | U22: 35 11 | V22: 2.9 | W22: 1.9 | X22: C NW | Y22: 42 12 | Z22: 4.9 | AA22: C NW | AB22: 37 9 | AC22: 58 | AD22: 39 | AE22: 947.4 | AF22: 932.4 | AG22: 120 | AH22: 11.14--03.13 | AI22: 0 | AJ22: 143 | AK22: 11.06--03.28 | AL22: 1 | AM22: 38.5 | AN22: -17.2
B23: 6 | C23: 朔州 | D23: 右玉53478 | E23: 40°00′ | F23: 112°27′ | G23: 1348.8 | H23: 1971-2000 | I23: 3.9 | J23: -20.8 | K23: -14.4 | L23: -25.4 | M23: 61 | N23: 29 | O23: 19.8 | P23: 24.5 | Q23: 50 | R23: 22.5 | S23: 2.1 | T23: C ESE | U23: 30 11 | V23: 2.8 | W23: 2.3 | X23: C NW | Y23: 41 11 | Z23: 5 | AA23: C WNW | AB23: 32 8 | AC23: 71 | AD23: 169 | AE23: 868.6 | AF23: 860.7 | AG23: 182 | AH23: 10.--04.13 | AI23: -6.9 | AJ23: 208 | AK23: 10.01--04.26 | AL23: -5.2 | AM23: 34.4 | AN23: -40.4
B24: 7 | C24: 晋中 | D24: 榆社53787 | E24: 37°04′ | F24: 112°59′ | G24: 1041.4 | H24: 1971-2000 | I24: 8.8 | J24: -11.1 | K24: -6.6 | L24: -13.6 | M24: 49 | N24: 30.8 | O24: 22.3 | P24: 26.8 | Q24: 55 | R24: 24.8 | S24: 1.5 | T24: C SSW | U24: 39 9 | V24: 2.8 | W24: 1.3 | X24: C E | Y24: 42 14 | Z24: 1.9 | AA24: C E | AB24: 38 9 | AC24: 62 | AD24: 76 | AE24: 902.6 | AF24: 892 | AG24: 144 | AH24: 11.05--03.28 | AI24: -2.6 | AJ24: 168 | AK24: 10.20--04.05 | AL24: -1.3 | AM24: 36.7 | AN24: -25.1
B25: 8 | C25: 忻州 | D25: 原平53673 | E25: 38°44′ | F25: 112°43′ | G25: 828.2 | H25: 1971-2000 | I25: 9 | J25: -12.3 | K25: -7.7 | L25: -14.7 | M25: 47 | N25: 31.8 | O25: 22.9 | P25: 27.6 | Q25: 53 | R25: 26.2 | S25: 1.9 | T25: C NNE | U25: 20 11 | V25: 2.4 | W25: 2.3 | X25: C NNE | Y25: 26 14 | Z25: 3.8 | AA25: C NNE | AB25: 22 12 | AC25: 60 | AD25: 121 | AE25: 926.9 | AF25: 913.8 | AG25: 145 | AH25: 11.03--03.27 | AI25: -3.2 | AJ25: 168 | AK25: 10.20--04.05 | AL25: -1.9 | AM25: 38.1 | AN25: -25.8
B26: 9 | C26: 临汾 | D26: 临汾53868 | E26: 36°04′ | F26: 111°30′ | G26: 449.5 | H26: 1971-2000 | I26: 12.6 | J26: -6.6 | K26: -2.7 | L26: -10 | M26: 58 | N26: 34.6 | O26: 25.7 | P26: 30.6 | Q26: 56 | R26: 29.3 | S26: 1.8 | T26: C SW | U26: 24 9 | V26: 3 | W26: 1.6 | X26: C SW | Y26: 35 7 | Z26: 2.6 | AA26: C SW | AB26: 31 9 | AC26: 47 | AD26: 57 | AE26: 972.5 | AF26: 954.2 | AG26: 114 | AH26: 11.13--03.06 | AI26: -0.2 | AJ26: 142 | AK26: 11.06--03.27 | AL26: 1.1 | AM26: 40.5 | AN26: -23.1
B27: 10 | C27: 吕梁 | D27: 离石53764 | E27: 37°30′ | F27: 111°06′ | G27: 950.8 | H27: 1971-2000 | I27: 9.1 | J27: -12.6 | K27: -7.6 | L27: -16 | M27: 55 | N27: 32.4 | O27: 22.9 | P27: 28.1 | Q27: 52 | R27: 26.3 | S27: 2.6 | T27: C NE | U27: 22 17 | V27: 2.5 | W27: 2.1 | X27: NE | Y27: 26 | Z27: 2.5 | AA27: NE | AB27: 20 | AC27: 58 | AD27: 104 | AE27: 914.5 | AF27: 901.3 | AG27: 143 | AH27: 11.05--03.27 | AI27: -3 | AJ27: 166 | AK27: 10.20--04.03 | AL27: -1.7 | AM27: 38.4 | AN27: -26
A28: 内蒙古 | B28: 1 | C28: 呼和浩特 | D28: 呼和浩特53463 | E28: 40°49′ | F28: 111°41′ | G28: 1063 | H28: 1971-2000 | I28: 6.7 | J28: -17 | K28: -11.6 | L28: -20.3 | M28: 58 | N28: 30.6 | O28: 21 | P28: 26.5 | Q28: 48 | R28: 25.9 | S28: 1.8 | T28: C SW | U28: 36 8 | V28: 3.4 | W28: 1.5 | X28: C NNW | Y28: 50 9 | Z28: 4.2 | AA28: C NNW | AB28: 40 7 | AC28: 63 | AD28: 156 | AE28: 901.2 | AF28: 889.6 | AG28: 167 | AH28: 10.20--04.04 | AI28: -5.3 | AJ28: 184 | AK28: 10.12--04.13 | AL28: -4.1 | AM28: 38.5 | AN28: -30.5
B29: 2 | C29: 包头 | D29: 包头53446 | E29: 40°40′ | F29: 109°51′ | G29: 1067.2 | H29: 1971-2000 | I29: 7.2 | J29: -16.6 | K29: -11.1 | L29: -19.7 | M29: 55 | N29: 31.7 | O29: 20.9 | P29: 27.4 | Q29: 43 | R29: 26.5 | S29: 2.6 | T29: C SE | U29: 14 11 | V29: 2.9 | W29: 2.4 | X29: N | Y29: 21 | Z29: 3.4 | AA29: N | AB29: 16 | AC29: 68 | AD29: 157 | AE29: 901.2 | AF29: 889.1 | AG29: 164 | AH29: 10.21--04.02 | AI29: -5.1 | AJ29: 182 | AK29: 10.13--04.12 | AL29: -3.9 | AM29: 39.2 | AN29: -31.4
B30: 3 | C30: 赤峰 | D30: 赤峰54218 | E30: 42°16′ | F30: 118°56′ | G30: 568 | H30: 1971-2000 | I30: 7.5 | J30: -16.2 | K30: -10.7 | L30: -18.8 | M30: 43 | N30: 32.7 | O30: 22.6 | P30: 28 | Q30: 50 | R30: 27.4 | S30: 2.2 | T30: C WSW | U30: 20 13 | V30: 2.5 | W30: 2.3 | X30: C W | Y30: 26 14 | Z30: 3.1 | AA30: C W | AB30: 21 13 | AC30: 70 | AD30: 201 | AE30: 955.1 | AF30: 941.1 | AG30: 161 | AH30: 10.26--04.04 | AI30: -5 | AJ30: 179 | AK30: 10.16--04.12 | AL30: -3.8 | AM30: 40.4 | AN30: -28.8
B31: 4 | C31: 通辽 | D31: 通辽54135 | E31: 43°36′ | F31: 122°16′ | G31: 178.5 | H31: 1971-2000 | I31: 6.6 | J31: -19 | K31: -13.5 | L31: -21.8 | M31: 54 | N31: 32.3 | O31: 24.5 | P31: 28.2 | Q31: 57 | R31: 27.3 | S31: 3.5 | T31: SSW | U31: 17 | V31: 4.6 | W31: 3.7 | X31: NW | Y31: 16 | Z31: 4.4 | AA31: SSW | AB31: 11 | AC31: 76 | AD31: 179 | AE31: 1002.6 | AF31: 984.4 | AG31: 166 | AH31: 10.21--04.04 | AI31: -6.7 | AJ31: 184 | AK31: 10.13--04.14 | AL31: -5.4 | AM31: 38.9 | AN31: -31.6
B32: 5 | C32: 鄂尔多斯 | D32: 东胜53543 | E32: 39°50′ | F32: 109°59′ | G32: 1460.4 | H32: 1971-2000 | I32: 6.2 | J32: -16.8 | K32: -10.5 | L32: -19.6 | M32: 52 | N32: 29.1 | O32: 19 | P32: 24.8 | Q32: 43 | R32: 24.6 | S32: 3.1 | T32: SSW | U32: 19 | V32: 3.7 | W32: 2.9 | X32: SSW | Y32: 14 | Z32: 3.1 | AA32: SSW | AB32: 17 | AC32: 73 | AD32: 150 | AE32: 856.7 | AF32: 849.5 | AG32: 168 | AH32: 10.20--04.05 | AI32: -4.9 | AJ32: 189 | AK32: 10.11--04.17 | AL32: -3.6 | AM32: 35.3 | AN32: -28.4
B33: 6 | C33: 呼伦贝尔 | D33: 满州里50514 | E33: 49°34′ | F33: 117°26′ | G33: 661.7 | H33: 1971-2000 | I33: -0.7 | J33: -28.6 | K33: -23.3 | L33: -31.6 | M33: 75 | N33: 29 | O33: 19.9 | P33: 24.1 | Q33: 52 | R33: 23.6 | S33: 3.8 | T33: C E | U33: 13 10 | V33: 4.4 | W33: 3.7 | X33: WSW | Y33: 23 | Z33: 3.9 | AA33: WSW | AB33: 13 | AC33: 70 | AD33: 389 | AE33: 941.9 | AF33: 930.3 | AG33: 210 | AH33: 09.30--04.27 | AI33: -12.4 | AJ33: 229 | AK33: 09.21--05.07 | AL33: -10.8 | AM33: 37.9 | AN33: -40.5
B34: 7 | D34: 海拉尔50527 | E34: 49°13′ | F34: 119°45′ | G34: 610.2 | H34: 1971-2000 | I34: -1 | J34: -31.6 | K34: -25.1 | L34: -34.5 | M34: 79 | N34: 29 | O34: 20.5 | P34: 24.3 | Q34: 54 | R34: 23.5 | S34: 3 | T34: C SSW | U34: 13 8 | V34: 3.1 | W34: 2.3 | X34: C SSW | Y34: 22 19 | Z34: 2.5 | AA34: C SSW | AB34: 15 12 | AC34: 62 | AD34: 242 | AE34: 947.9 | AF34: 935.7 | AG34: 208 | AH34: 10.01--04.26 | AI34: -12.7 | AJ34: 227 | AK34: 09.22--05.06 | AL34: -11 | AM34: 36.6 | AN34: -42.3
B35: 8 | C35: 巴彦淖尔 | D35: 临河53513 | E35: 40°45′ | F35: 107°25′ | G35: 1039.3 | H35: 1971-2000 | I35: 8.1 | J35: -15.3 | K35: -9.9 | L35: -19.1 | M35: 51 | N35: 32.7 | O35: 20.9 | P35: 28.4 | Q35: 39 | R35: 27.5 | S35: 2.1 | T35: C E | U35: 20 10 | V35: 2.5 | W35: 2 | X35: C W | Y35: 30 13 | Z35: 3.4 | AA35: C W | AB35: 24 10 | AC35: 72 | AD35: 138 | AE35: 903.9 | AF35: 891.1 | AG35: 157 | AH35: 10.24--03.29 | AI35: -4.4 | AJ35: 175 | AK35: 10.16--04.08 | AL35: -3.3 | AM35: 39.4 | AN35: -35.3
B36: 9 | C36: 乌兰察布 | D36: 集宁53480 | E36: 41°02′ | F36: 113°04′ | G36: 1419.3 | H36: 1971-2000 | I36: 4.3 | J36: -18.9 | K36: -13 | L36: -21.9 | M36: 55 | N36: 28.2 | O36: 18.9 | P36: 23.8 | Q36: 49 | R36: 22.9 | S36: 2.4 | T36: C WNW | U36: 29 9 | V36: 3.6 | W36: 3 | X36: C WNW | Y36: 33 13 | Z36: 4.9 | AA36: C WNW | AB36: 29 12 | AC36: 72 | AD36: 184 | AE36: 860.2 | AF36: 853.7 | AG36: 181 | AH36: 10.16--04.14 | AI36: -6.4 | AJ36: 206 | AK36: 10.03--04.26 | AL36: -4.7 | AM36: 33.6 | AN36: -32.4
B37: 10 | C37: 兴安盟 | D37: 乌兰浩特50838 | E37: 46°05′ | F37: 122°03′ | G37: 274.7 | H37: 1971-2000 | I37: 5 | J37: -20.5 | K37: -15 | L37: -23.5 | M37: 54 | N37: 31.8 | O37: 23 | P37: 27.1 | Q37: 55 | R37: 26.6 | S37: 2.6 | T37: C NE | U37: 23 7 | V37: 3.9 | W37: 2.6 | X37: C NW | Y37: 27 17 | Z37: 4 | AA37: C NW | AB37: 22 11 | AC37: 69 | AD37: 249 | AE37: 989.1 | AF37: 973.3 | AG37: 176 | AH37: 10.17--04.10 | AI37: -7.8 | AJ37: 193 | AK37: 10.09--04.19 | AL37: -6.5 | AM37: 40.3 | AN37: -33.7
B38: 11 | C38: 锡林郭勒盟 | D38: 二连浩特53068 | E38: 43°39′ | F38: 111°58′ | G38: 964.7 | H38: 1971-2000 | I38: 4 | J38: -24.3 | K38: -18.1 | L38: -27.8 | M38: 69 | N38: 33.2 | O38: 19.3 | P38: 27.9 | Q38: 33 | R38: 27.5 | S38: 4 | T38: NW | U38: 8 | V38: 5.2 | W38: 3.6 | X38: NW | Y38: 16 | Z38: 5.3 | AA38: NW | AB38: 13 | AC38: 76 | AD38: 310 | AE38: 910.5 | AF38: 898.3 | AG38: 181 | AH38: 10.14--04.12 | AI38: -9.3 | AJ38: 196 | AK38: 10.07--04.20 | AL38: -8.1 | AM38: 41.1 | AN38: -37.1
B39: 12 | D39: 锡林浩特54102 | E39: 43°57′ | F39: 116°04′ | G39: 989.5 | H39: 1971-2000 | I39: 2.6 | J39: -25.2 | K39: -18.8 | L39: -27.8 | M39: 72 | N39: 31.1 | O39: 19.9 | P39: 26 | Q39: 44 | R39: 25.4 | S39: 3.3 | T39: C SW | U39: 13 9 | V39: 3.4 | W39: 3.2 | X39: WSW | Y39: 19 | Z39: 4.3 | AA39: C WSW | AB39: 15 13 | AC39: 71 | AD39: 265 | AE39: 906.4 | AF39: 895.9 | AG39: 189 | AH39: 10.11--04.17 | AI39: -9.7 | AJ39: 209 | AK39: 10.01--04.27 | AL39: -8.1 | AM39: 39.2 | AN39: -38
A40: 辽宁省 | B40: 1 | C40: 沈阳 | D40: 沈阳54343 | E40: 41°44′ | F40: 123°27′ | G40: 44.7 | H40: 1971-2000 | I40: 8.4 | J40: -16.9 | K40: -11 | L40: -20.7 | M40: 60 | N40: 31.5 | O40: 25.3 | P40: 28.2 | Q40: 65 | R40: 27.5 | S40: 2.6 | T40: SW | U40: 16 | V40: 3.5 | W40: 2.6 | X40: C NNE | Y40: 13 10 | Z40: 3.6 | AA40: SW | AB40: 13 | AC40: 56 | AD40: 148 | AE40: 1020.8 | AF40: 1000.9 | AG40: 152 | AH40: 10.30--03.30 | AI40: -5.1 | AJ40: 172 | AK40: 10.20--04.09 | AL40: -3.6 | AM40: 36.1 | AN40: -29.4
B41: 2 | C41: 大连 | D41: 大连54662 | E41: 43°57′ | F41: 121°38′ | G41: 91.5 | H41: 1971-2000 | I41: 10.9 | J41: -9.8 | K41: -3.9 | L41: -13 | M41: 56 | N41: 29 | O41: 24.9 | P41: 26.3 | Q41: 71 | R41: 26.5 | S41: 4.1 | T41: SSW | U41: 19 | V41: 4.6 | W41: 5.2 | X41: NNE | Y41: 24 | Z41: 7 | AA41: NNE | AB41: 15 | AC41: 65 | AD41: 90 | AE41: 1013.9 | AF41: 997.8 | AG41: 132 | AH41: 11.16--03.27 | AI41: -0.7 | AJ41: 152 | AK41: 11.06--04.06 | AL41: 0.3 | AM41: 35.3 | AN41: -18.8
B42: 3 | C42: 鞍山 | D42: 鞍山54339 | E42: 42°02′ | F42: 123°00′ | G42: 77.3 | H42: 1971-2000 | I42: 9.6 | J42: -15.1 | K42: -8.6 | L42: -18 | M42: 54 | N42: 31.6 | O42: 25.1 | P42: 28.2 | Q42: 63 | R42: 28.1 | S42: 2.7 | T42: SW | U42: 13 | V42: 3.6 | W42: 2.9 | X42: NE | Y42: 14 | Z42: 3.5 | AA42: SW | AB42: 12 | AC42: 60 | AD42: 118 | AE42: 1018.5 | AF42: 998.8 | AG42: 143 | AH42: 11.06--03.28 | AI42: -3.8 | AJ42: 163 | AK42: 10.26--04.06 | AL42: -2.5 | AM42: 36.5 | AN42: -26.9
B43: 4 | C43: 抚顺 | D43: 抚顺54351 | E43: 41°54′ | F43: 124°05′ | G43: 118.5 | H43: 1971-2000 | I43: 6.8 | J43: -20 | K43: -13.5 | L43: -23.8 | M43: 68 | N43: 31.5 | O43: 24.8 | P43: 27.8 | Q43: 65 | R43: 26.6 | S43: 2.2 | T43: C NE | U43: 15 12 | V43: 2.2 | W43: 2.3 | X43: ENE | Y43: 20 | Z43: 2.1 | AA43: NE | AB43: 16 | AC43: 61 | AD43: 143 | AE43: 1011 | AF43: 992.4 | AG43: 161 | AH43: 10.26--04.04 | AI43: -6.3 | AJ43: 182 | AK43: 10.14--04.13 | AL43: -4.8 | AM43: 37.7 | AN43: -35.9
B44: 6 | C44: 本溪 | D44: 本溪54346 | E44: 41°19′ | F44: 123°47′ | G44: 185.2 | H44: 1971-2000 | I44: 7.8 | J44: -18.1 | K44: -11.5 | L44: -21.5 | M44: 64 | N44: 31 | O44: 24.3 | P44: 27.4 | Q44: 63 | R44: 27.1 | S44: 2.2 | T44: C ESE | U44: 19 15 | V44: 2 | W44: 2.4 | X44: ESE | Y44: 25 | Z44: 2.3 | AA44: ESE | AB44: 18 | AC44: 57 | AD44: 149 | AE44: 1003.3 | AF44: 985.7 | AG44: 157 | AH44: 10.28--04.03 | AI44: -5.1 | AJ44: 175 | AK44: 10.18--04.10 | AL44: -3.8 | AM44: 37.5 | AN44: -33.6
B45: 7 | C45: 丹东 | D45: 丹东54497 | E45: 40°03′ | F45: 124°20′ | G45: 13.8 | H45: 1971-2000 | I45: 8.9 | J45: -12.9 | K45: -7.4 | L45: -15.9 | M45: 55 | N45: 29.6 | O45: 25.3 | P45: 26.8 | Q45: 71 | R45: 25.9 | S45: 2.3 | T45: C SSW | U45: 17 13 | V45: 3.2 | W45: 3.4 | X45: N | Y45: 21 | Z45: 5.2 | AA45: C ENE | AB45: 14 13 | AC45: 64 | AD45: 88 | AE45: 1023.7 | AF45: 1005.5 | AG45: 145 | AH45: 11.07--03.31 | AI45: -2.8 | AJ45: 167 | AK45: 10.27--04.11 | AL45: -1.7 | AM45: 35.3 | AN45: -25.8
B46: 8 | C46: 锦州 | D46: 锦州54337 | E46: 41°08′ | F46: 121°07′ | G46: 65.9 | H46: 1971-2000 | I46: 9.5 | J46: -13.1 | K46: -7.9 | L46: -15.5 | M46: 52 | N46: 31.4 | O46: 25.2 | P46: 27.9 | Q46: 67 | R46: 27.1 | S46: 3.3 | T46: SW | U46: 18 | V46: 4.3 | W46: 3.2 | X46: C NNE | Y46: 21 15 | Z46: 5.1 | AA46: C SW | AB46: 17 12 | AC46: 67 | AD46: 108 | AE46: 1017.8 | AF46: 997.8 | AG46: 144 | AH46: 11.05--03.28 | AI46: -3.4 | AJ46: 164 | AK46: 10.26--04.06 | AL46: -2.2 | AM46: 41.8 | AN46: -22.8
B47: 9 | C47: 营口 | D47: 营口54471 | E47: 40°40′ | F47: 122°16′ | G47: 3.3 | H47: 1971-2000 | I47: 9.5 | J47: -14.1 | K47: -8.5 | L47: -17.1 | M47: 62 | N47: 30.4 | O47: 25.5 | P47: 27.7 | Q47: 68 | R47: 27.5 | S47: 3.7 | T47: SW | U47: 17 | V47: 4.8 | W47: 3.6 | X47: NE | Y47: 16 | Z47: 4.3 | AA47: SW | AB47: 15 | AC47: 67 | AD47: 101 | AE47: 1026.1 | AF47: 1005.5 | AG47: 144 | AH47: 11.06--03.29 | AI47: -3.6 | AJ47: 164 | AK47: 10.26--04.07 | AL47: -2.4 | AM47: 34.7 | AN47: -28.4
B48: 10 | C48: 阜新 | D48: 阜新54237 | E48: 42°05′ | F48: 121°43′ | G48: 166.8 | H48: 1971-2000 | I48: 8.1 | J48: -15.7 | K48: -10.6 | L48: -18.5 | M48: 49 | N48: 32.5 | O48: 24.7 | P48: 28.4 | Q48: 60 | R48: 27.3 | S48: 2.1 | T48: C SW | U48: 29 21 | V48: 3.4 | W48: 2.1 | X48: C N | Y48: 36 9 | Z48: 4.1 | AA48: C SW | AB48: 31 14 | AC48: 68 | AD48: 139 | AE48: 1007 | AF48: 988.1 | AG48: 159 | AH48: 10.27--04.03 | AI48: -4.8 | AJ48: 176 | AK48: 10.18--04.11 | AL48: 3.7 | AM48: 40.9 | AN48: -27.1
B49: 11 | C49: 铁岭 | D49: 开原54254 | E49: 42°32′ | F49: 124°03′ | G49: 98.2 | H49: 1971-2000 | I49: 7 | J49: -20 | K49: -13.4 | L49: -23.5 | M49: 49 | N49: 31.1 | O49: 25 | P49: 27.5 | Q49: 60 | R49: 26.8 | S49: 2.7 | T49: SSW | U49: 17 | V49: 3.1 | W49: 2.7 | X49: C SW | Y49: 16 15 | Z49: 3.8 | AA49: SW | AB49: 16 | AC49: 62 | AD49: 137 | AE49: 1013.4 | AF49: 994.6 | AG49: 160 | AH49: 10.27--04.04 | AI49: -6.4 | AJ49: 180 | AK49: 10.16--04.13 | AL49: -4.9 | AM49: 36.6 | AN49: -36.3
B50: 12 | C50: 朝阳 | D50: 朝阳54324 | E50: 41°33′ | F50: 120°27′ | G50: 169.9 | H50: 1971-2000 | I50: 9 | J50: -15.3 | K50: -9.7 | L50: -18.3 | M50: 43 | N50: 33.5 | O50: 25 | P50: 28.9 | Q50: 58 | R50: 28.3 | S50: 2.5 | T50: C SSW | U50: 32 22 | V50: 3.6 | W50: 2.4 | X50: C SSW | Y50: 14 12 | Z50: 3.5 | AA50: C SSW | AB50: 33 16 | AC50: 69 | AD50: 135 | AE50: 1004.5 | AF50: 985.5 | AG50: 145 | AH50: 11.04--03.28 | AI50: -4.7 | AJ50: 157 | AK50: 10.21--04.05 | AL50: -3.2 | AM50: 43.3 | AN50: -34.4
B51: 13 | C51: 葫芦岛 | D51: 兴城54455 | E51: 40°35′ | F51: 120°42′ | G51: 8.5 | H51: 1971-2000 | I51: 9.2 | J51: -12.6 | K51: 7.7 | L51: -15 | M51: 52 | N51: 29.5 | O51: 25.5 | P51: 26.8 | Q51: 76 | R51: 26.4 | S51: 2.4 | T51: C SSW | U51: 26 16 | V51: 3.9 | W51: 2.2 | X51: C NNE | Y51: 34 13 | Z51: 3.4 | AA51: C SW | AB51: 28 10 | AC51: 72 | AD51: 99 | AE51: 1025.5 | AF51: 1004.7 | AG51: 145 | AH51: 11.06--03.30 | AI51: -3.2 | AJ51: 167 | AK51: 10.26--04.10 | AL51: -1.9 | AM51: 40.8 | AN51: -27.5
A52: 吉林省 | B52: 1 | C52: 长春 | D52: 长春54161 | E52: 43°54′ | F52: 125°13′ | G52: 236.8 | H52: 1971-2000 | I52: 5.7 | J52: -21.1 | K52: -15.1 | L52: -24.3 | M52: 66 | N52: 30.5 | O52: 24.1 | P52: 26.6 | Q52: 65 | R52: 26.3 | S52: 3.2 | T52: WSW | U52: 15 | V52: 4.6 | W52: 3.7 | X52: WSW | Y52: 20 | Z52: 4.7 | AA52: WSW | AB52: 17 | AC52: 64 | AD52: 169 | AE52: 994.4 | AF52: 978.4 | AG52: 169 | AH52: 10.20--04.06 | AI52: -7.6 | AJ52: 188 | AK52: 10.12--04.17 | AL52: -6.1 | AM52: 35.7 | AN52: -33
B53: 2 | C53: 吉林 | D53: 吉林54172 | E53: 43°57′ | F53: 126°28′ | G53: 183.4 | H53: 1971-1995 | I53: 4.8 | J53: -24 | K53: -17.2 | L53: -27.5 | M53: 72 | N53: 30.4 | O53: 24.1 | P53: 26.6 | Q53: 65 | R53: 26.1 | S53: 2.6 | T53: C SSE | U53: 20 11 | V53: 2.3 | W53: 2.6 | X53: C WSW | Y53: 31 18 | Z53: 4 | AA53: C WSW | AB53: 22 13 | AC53: 52 | AD53: 182 | AE53: 1001.9 | AF53: 984.8 | AG53: 172 | AH53: 10.18--04.07 | AI53: -8.5 | AJ53: 191 | AK53: 10.11--04.19 | AL53: -7.1 | AM53: 35.7 | AN53: -40.3
B54: 3 | C54: 四平 | D54: 四平54157 | E54: 43°11′ | F54: 124°20′ | G54: 164.2 | H54: 1971-2000 | I54: 6.7 | J54: -19.7 | K54: -13.5 | L54: -22.8 | M54: 66 | N54: 30.7 | O54: 24.5 | P54: 27.2 | Q54: 65 | R54: 26.7 | S54: 2.5 | T54: SW | U54: 17 | V54: 3.8 | W54: 2.6 | X54: C SW | Y54: 15 15 | Z54: 3.9 | AA54: SW | AB54: 16 | AC54: 69 | AD54: 148 | AE54: 1004.3 | AF54: 986.7 | AG54: 163 | AH54: 10.25--04.05 | AI54: -6.6 | AJ54: 184 | AK54: 10.13--04.14 | AL54: -5 | AM54: 37.3 | AN54: -32.3
B55: 4 | C55: 通化 | D55: 通化54363 | E55: 41°41′ | F55: 125°54′ | G55: 402.9 | H55: 1971-2000 | I55: 5.6 | J55: -21 | K55: -14.2 | L55: -24.2 | M55: 68 | N55: 29.9 | O55: 23.2 | P55: 26.3 | Q55: 64 | R55: 25.3 | S55: 1.6 | T55: C SW | U55: 41 12 | V55: 3.5 | W55: 1.3 | X55: C SW | Y55: 53 7 | Z55: 3.6 | AA55: C SW | AB55: 43 11 | AC55: 50 | AD55: 139 | AE55: 974.7 | AF55: 961 | AG55: 170 | AH55: 10.20--04.07 | AI55: -6.6 | AJ55: 189 | AK55: 10.12--04.18 | AL55: -5.3 | AM55: 35.6 | AN55: -33.1
B56: 5 | C56: 白山 | D56: 临江54374 | E56: 41°48′ | F56: 126°55′ | G56: 332.7 | H56: 1971-2000 | I56: 5.3 | J56: -21.5 | K56: -15.6 | L56: -24.4 | M56: 71 | N56: 30.8 | O56: 23.6 | P56: 27.3 | Q56: 61 | R56: 25.4 | S56: 1.2 | T56: C NNE | U56: 42 14 | V56: 1.6 | W56: 0.8 | X56: C NNE | Y56: 61 11 | Z56: 1.6 | AA56: C NNE | AB56: 46 14 | AC56: 55 | AD56: 136 | AE56: 983.9 | AF56: 969.1 | AG56: 170 | AH56: 10.20--04.07 | AI56: -7.2 | AJ56: 191 | AK56: 10.11--04.19 | AL56: -5.7 | AM56: 37.9 | AN56: -33.8
B57: 6 | C57: 松原 | D57: 乾安50948 | E57: 45°00′ | F57: 124°01′ | G57: 146.3 | H57: 1971-2000 | I57: 5.4 | J57: -21.6 | K57: -16.1 | L57: -24.5 | M57: 64 | N57: 31.8 | O57: 24.2 | P57: 27.6 | Q57: 59 | R57: 27.3 | S57: 3 | T57: SSW | U57: 14 | V57: 3.8 | W57: 2.9 | X57: WNW | Y57: 12 | Z57: 3.2 | AA57: SSW | AB57: 11 | AC57: 67 | AD57: 220 | AE57: 1005.5 | AF57: 987.9 | AG57: 170 | AH57: 10.19--04.06 | AI57: -8.4 | AJ57: 190 | AK57: 10.11--04.18 | AL57: -6.9 | AM57: 38.5 | AN57: -34.8
B58: 7 | C58: 白城 | D58: 白城50936 | E58: 45°38′ | F58: 122°50′ | G58: 155.2 | H58: 1971-2000 | I58: 5 | J58: -21.7 | K58: -16.4 | L58: -25.3 | M58: 57 | N58: 31.8 | O58: 23.9 | P58: 27.5 | Q58: 58 | R58: 26.9 | S58: 2.9 | T58: C SSW | U58: 13 10 | V58: 3.8 | W58: 3 | X58: C WNW | Y58: 11 10 | Z58: 3.4 | AA58: C NNE | AB58: 10 9 | AC58: 73 | AD58: 750 | AE58: 1004.6 | AF58: 986.9 | AG58: 172 | AH58: 10.18--04.07 | AI58: -8.6 | AJ58: 191 | AK58: 10.10--04.18 | AL58: -7.1 | AM58: 38.6 | AN58: -38.1
B59: 8 | C59: 延边 | D59: 延吉54292 | E59: 42°53′ | F59: 129°28′ | G59: 176.8 | H59: 1971-2000 | I59: 5.4 | J59: -18.4 | K59: -13.6 | L59: -21.3 | M59: 59 | N59: 31.3 | O59: 23.7 | P59: 26.7 | Q59: 63 | R59: 25.6 | S59: 2.1 | T59: C E | U59: 31 19 | V59: 3.7 | W59: 2.6 | X59: C WNW | Y59: 42 19 | Z59: 5 | AA59: C WNW | AB59: 37 13 | AC59: 57 | AD59: 198 | AE59: 1000.7 | AF59: 986.8 | AG59: 171 | AH59: 10.20--04.08 | AI59: -6.6 | AJ59: 192 | AK59: 10.11--04.20 | AL59: -5.1 | AM59: 37.7 | AN59: -32.7
A60: 黑龙江 | B60: 1 | C60: 哈尔滨 | D60: 哈尔滨50953 | E60: 45°45′ | F60: 126°46′ | G60: 142.3 | H60: 1971-2000 | I60: 4.2 | J60: -24.2 | K60: -18.4 | L60: -27.1 | M60: 73 | N60: 30.7 | O60: 23.9 | P60: 26.8 | Q60: 62 | R60: 26.3 | S60: 3.2 | T60: SSW | U60: 12 | V60: 3.9 | W60: 3.2 | X60: SW | Y60: 14 | Z60: 3.7 | AA60: SSW | AB60: 12 | AC60: 56 | AD60: 205 | AE60: 1004.2 | AF60: 987.7 | AG60: 176 | AH60: 10.17--04.10 | AI60: -9.4 | AJ60: 195 | AK60: 10.08--04.20 | AL60: -7.8 | AM60: 36.7 | AN60: -37.7
B61: 2 | C61: 齐齐哈尔 | D61: 齐齐哈尔50745 | E61: 47°23′ | F61: 123°55′ | G61: 145.9 | H61: 1971-2000 | I61: 3.9 | J61: -23.8 | K61: -18.6 | L61: -27.2 | M61: 67 | N61: 31.1 | O61: 23.5 | P61: 26.7 | Q61: 58 | R61: 26.7 | S61: 3 | T61: SSW | U61: 10 | V61: 3.8 | W61: 2.6 | X61: NNW | Y61: 13 | Z61: 3.1 | AA61: NNW | AB61: 10 | AC61: 68 | AD61: 209 | AE61: 1005 | AF61: 987.9 | AG61: 181 | AH61: 10.15--04.13 | AI61: -9.5 | AJ61: 198 | AK61: 10.06--04.21 | AL61: -8.1 | AM61: 40.1 | AN61: -36.4
B62: 3 | C62: 鸡西 | D62: 鸡西50978 | E62: 45°17′ | F62: 130°57′ | G62: 238.3 | H62: 1971-2000 | I62: 4.2 | J62: -21.5 | K62: -16.4 | L62: -24.4 | M62: 64 | N62: 30.5 | O62: 23.2 | P62: 26.3 | Q62: 61 | R62: 25.7 | S62: 2.3 | T62: C WNW | U62: 22 11 | V62: 3 | W62: 3.5 | X62: WNW | Y62: 31 | Z62: 4.7 | AA62: WNW | AB62: 20 | AC62: 63 | AD62: 238 | AE62: 991.9 | AF62: 979.7 | AG62: 179 | AH62: 10.17--04.13 | AI62: -8.3 | AJ62: 195 | AK62: 10.09--04.21 | AL62: -7 | AM62: 37.6 | AN62: -32.5
B63: 4 | C63: 鹤岗 | D63: 鹤岗50775 | E63: 47°22′ | F63: 130°20′ | G63: 227.9 | H63: 1971-2000 | I63: 3.5 | J63: -22.7 | K63: -17.2 | L63: -25.3 | M63: 63 | N63: 29.9 | O63: 22.7 | P63: 25.5 | Q63: 62 | R63: 25.6 | S63: 2.9 | T63: C ESE | U63: 11 11 | V63: 3.2 | W63: 3.1 | X63: NW | Y63: 21 | Z63: 4.3 | AA63: NW | AB63: 13 | AC63: 63 | AD63: 221 | AE63: 991.3 | AF63: 979.5 | AG63: 184 | AH63: 10.14--04.15 | AI63: -9 | AJ63: 206 | AK63: 10.04--04.27 | AL63: -7.3 | AM63: 37.7 | AN63: -34.5
B64: 5 | C64: 伊春 | D64: 伊春80774 | E64: 47°44′ | F64: 128°55′ | G64: 240.9 | H64: 1971-2000 | I64: 1.2 | J64: -28.3 | K64: -22.5 | L64: -31.3 | M64: 73 | N64: 29.8 | O64: 22.5 | P64: 25.7 | Q64: 60 | R64: 24 | S64: 2 | T64: C ENE | U64: 20 11 | V64: 2 | W64: 1.8 | X64: C WNW | Y64: 30 16 | Z64: 3.2 | AA64: C WNW | AB64: 22 13 | AC64: 58 | AD64: 278 | AE64: 991.8 | AF64: 978.5 | AG64: 190 | AH64: 10.10--04.17 | AI64: -11.8 | AJ64: 212 | AK64: 09.30--04.29 | AL64: -9.9 | AM64: 36.3 | AN64: -41.2
B65: 6 | C65: 佳木斯 | D65: 佳木斯50873 | E65: 46°49′ | F65: 130°17′ | G65: 81.2 | H65: 1971-2000 | I65: 3.6 | J65: -24 | K65: -18.5 | L65: -27.4 | M65: 70 | N65: 30.8 | O65: 23.6 | P65: 26.6 | Q65: 61 | R65: 26 | S65: 2.8 | T65: C WSW | U65: 20 12 | V65: 3.7 | W65: 3.1 | X65: C W | Y65: 21 19 | Z65: 4.1 | AA65: C WSW | AB65: 18 15 | AC65: 57 | AD65: 220 | AE65: 1011.3 | AF65: 996.4 | AG65: 180 | AH65: 10.16--04.13 | AI65: -9.6 | AJ65: 198 | AK65: 10.06--04.21 | AL65: -8.1 | AM65: 38.1 | AN65: -39.5
B66: 7 | C66: 牡丹江 | D66: 牡丹江54094 | E66: 44°34′ | F66: 129°36′ | G66: 241.4 | H66: 1971-2000 | I66: 4.3 | J66: -22.4 | K66: -17.3 | L66: -25.8 | M66: 69 | N66: 31 | O66: 23.5 | P66: 26.9 | Q66: 59 | R66: 25.9 | S66: 2.1 | T66: C WSW | U66: 18 14 | V66: 2.6 | W66: 2.2 | X66: C WSW | Y66: 27 13 | Z66: 2.3 | AA66: C WSW | AB66: 20 14 | AC66: 56 | AD66: 191 | AE66: 992.2 | AF66: 978.9 | AG66: 177 | AH66: 10.17--04.11 | AI66: -8.6 | AJ66: 194 | AK66: 10.09--04.20 | AL66: -7.3 | AM66: 38.4 | AN66: -35.1
B67: 8 | C67: 双鸭山 | D67: 宝清50888 | E67: 46°19′ | F67: 132°11′ | G67: 83 | H67: 1971-2000 | I67: 4.1 | J67: -23.2 | K67: -17.5 | L67: -26.4 | M67: 65 | N67: 30.8 | O67: 23.4 | P67: 26.4 | Q67: 61 | R67: 26.1 | S67: 3.1 | T67: SSW | U67: 18 | V67: 3.5 | W67: 3.7 | X67: C NNW | Y67: 18 14 | Z67: 6.4 | AA67: SSW | AB67: 14 | AC67: 61 | AD67: 260 | AE67: 1010.5 | AF67: 996.7 | AG67: 179 | AH67: 10.17--04.13 | AI67: -8.9 | AJ67: 194 | AK67: 10.10--04.21 | AL67: -7.7 | AM67: 37.2 | AN67: -37
B68: 9 | C68: 黑河 | D68: 黑河50468 | E68: 50°15′ | F68: 127°27′ | G68: 166.4 | H68: 1971-2000 | I68: 0.4 | J68: -29.5 | K68: -23.2 | L68: -33.2 | M68: 70 | N68: 29.4 | O68: 22.3 | P68: 25.1 | Q68: 62 | R68: 24.2 | S68: 2.6 | T68: C NNW | U68: 17 16 | V68: 2.8 | W68: 2.8 | X68: NNW | Y68: 41 | Z68: 3.4 | AA68: NNW | AB68: 27 | AC68: 69 | AD68: 263 | AE68: 1000.6 | AF68: 986.2 | AG68: 197 | AH68: 10.06--04.20 | AI68: -12.5 | AJ68: 219 | AK68: 09.29--05.05 | AL68: -10.6 | AM68: 37.2 | AN68: -44.5
B69: 10 | C69: 绥化 | D69: 绥化50853 | E69: 46°37′ | F69: 126°58′ | G69: 179.6 | H69: 1971-2000 | I69: 2.8 | J69: -26.7 | K69: -20.9 | L69: -30.3 | M69: 76 | N69: 30.1 | O69: 23.4 | P69: 26.2 | Q69: 63 | R69: 25.6 | S69: 3.5 | T69: SSE | U69: 11 | V69: 3.6 | W69: 3.2 | X69: NNW | Y69: 9 | Z69: 3.3 | AA69: SSW | AB69: 10 | AC69: 66 | AD69: 715 | AE69: 1000.4 | AF69: 984.9 | AG69: 184 | AH69: 10.13--04.14 | AI69: -10.8 | AJ69: 206 | AK69: 10.03--04.26 | AL69: -8.9 | AM69: 38.3 | AN69: -41.8
B70: 11 | C70: 大兴安岭地区 | D70: 漠河50136 | E70: 52°58′ | F70: 122°31′ | G70: 433 | H70: 1971-2000 | I70: -4.3 | J70: -37.5 | K70: -29.6 | L70: -41 | M70: 73 | N70: 29.1 | O70: 20.8 | P70: 24.4 | Q70: 57 | R70: 21.6 | S70: 1.9 | T70: C NW | U70: 24 8 | V70: 2.9 | W70: 1.3 | X70: C N | Y70: 55 10 | Z70: 3 | AA70: C NW | AB70: 34 9 | AC70: 60 | AD70: - | AE70: 984.1 | AF70: 969.4 | AG70: 224 | AH70: 09.23--05.04 | AI70: -16.1 | AJ70: 244 | AK70: 09.13--05.14 | AL70: -14.2 | AM70: 38 | AN70: -49.6
B71: 12 | D71: 加格达奇50442 | E71: 50°24′ | F71: 124°07′ | G71: 371.7 | H71: 1971-2000 | I71: -0.8 | J71: -29.7 | K71: -23.3 | L71: -32.9 | M71: 72 | N71: 28.9 | O71: 21.2 | P71: 24.2 | Q71: 61 | R71: 22.2 | S71: 2.2 | T71: C NW | U71: 23 12 | V71: 2.6 | W71: 1.6 | X71: C NW | Y71: 47 19 | Z71: 3.4 | AA71: C NW | AB71: 31 16 | AC71: 65 | AD71: 288 | AE71: 974.9 | AF71: 962.7 | AG71: 208 | AH71: 10.02--04.27 | AI71: -12.4 | AJ71: 227 | AK71: 09.22--05.06 | AL71: -10.8 | AM71: 37.2 | AN71: -45.4
A72: 上海 | B72: 1 | C72: 上海 | D72: 徐家汇58367 | E72: 31°10′ | F72: 121°26′ | G72: 2.6 | H72: 1971-1998 | I72: 16.1 | J72: -0.3 | K72: 4.2 | L72: -2.2 | M72: 75 | N72: 34.4 | O72: 27.9 | P72: 31.2 | Q72: 69 | R72: 30.8 | S72: 3.1 | T72: SE | U72: 14 | V72: 3 | W72: 2.6 | X72: NW | Y72: 14 | Z72: 3 | AA72: SE | AB72: 10 | AC72: 40 | AD72: 8 | AE72: 1025.4 | AF72: 1005.4 | AG72: 42 | AH72: 01.01--02.11 | AI72: 4.1 | AJ72: 93 | AK72: 12.05--03.07 | AL72: 5.2 | AM72: 39.4 | AN72: -10.1
A73: 江苏省 | B73: 1 | C73: 南京 | D73: 南京58238 | E73: 32°00′ | F73: 118°48′ | G73: 8.9 | H73: 1971-2000 | I73: 25.5 | J73: -1.8 | K73: 2.4 | L73: -4.1 | M73: 76 | N73: 34.8 | O73: 28.1 | P73: 31.2 | Q73: 69 | R73: 31.2 | S73: 2.6 | T73: C SSE | U73: 18 11 | V73: 3 | W73: 2.4 | X73: C ENE | Y73: 28 10 | Z73: 3.5 | AA73: C E | AB73: 23 9 | AC73: 43 | AD73: 9 | AE73: 1025.5 | AF73: 1004.3 | AG73: 77 | AH73: 12.05--02.13 | AI73: 3.2 | AJ73: 109 | AK73: 11.24--03.12 | AL73: 4.2 | AM73: 39.7 | AN73: -13.1
B74: 2 | C74: 徐州 | D74: 徐州58027 | E74: 34°17′ | F74: 117°09′ | G74: 41 | H74: 1971-2000 | I74: 14.5 | J74: -3.6 | K74: 0.4 | L74: -5.9 | M74: 66 | N74: 34.3 | O74: 27.6 | P74: 30.5 | Q74: 67 | R74: 30.5 | S74: 2.6 | T74: C ESE | U74: 15 11 | V74: 3.5 | W74: 2.3 | X74: C E | Y74: 23 10 | Z74: 3 | AA74: C E | AB74: 20 12 | AC74: 48 | AD74: 21 | AE74: 1022.1 | AF74: 1000.8 | AG74: 97 | AH74: 11.27--03.03 | AI74: 2 | AJ74: 124 | AK74: 11.14--03.17 | AL74: 3 | AM74: 40.6 | AN74: -15.8
B75: 3 | C75: 南通 | D75: 南通58259 | E75: 31°59′ | F75: 120°53′ | G75: 6.1 | H75: 1971-2000 | I75: 15.3 | J75: -1 | K75: 3.1 | L75: -3 | M75: 75 | N75: 33.5 | O75: 28.1 | P75: 30.5 | Q75: 72 | R75: 30.3 | S75: 3 | T75: SE | U75: 13 | V75: 2.9 | W75: 3 | X75: N | Y75: 12 | Z75: 3.5 | AA75: ESE | AB75: 10 | AC75: 45 | AD75: 12 | AE75: 1025.9 | AF75: 1000.5 | AG75: 57 | AH75: 12.19--02.13 | AI75: 3.6 | AJ75: 110 | AK75: 11.27--03.16 | AL75: 4.7 | AM75: 38.5 | AN75: -9.6
B76: 4 | C76: 连云港 | D76: 赣榆58040 | E76: 34°50′ | F76: 119°07′ | G76: 3.3 | H76: 1971-2000 | I76: 13.6 | J76: -4.2 | K76: -0.3 | L76: -6.4 | M76: 67 | N76: 32.7 | O76: 27.8 | P76: 29.1 | Q76: 75 | R76: 29.5 | S76: 2.9 | T76: E | U76: 12 | V76: 3.8 | W76: 2.6 | X76: NNE | Y76: 11 | Z76: 2.9 | AA76: E | AB76: 9 | AC76: 57 | AD76: 20 | AE76: 1026.3 | AF76: 1005.1 | AG76: 102 | AH76: 11.26--03.07 | AI76: 1.4 | AJ76: 134 | AK76: 11.14--03.27 | AL76: 2.6 | AM76: 38.7 | AN76: -13.8
B77: 5 | C77: 常州 | D77: 常州58343 | E77: 31°46′ | F77: 119°56′ | G77: 4.9 | H77: 1971-2000 | I77: 15.8 | J77: -1.2 | K77: 3.1 | L77: -3.5 | M77: 75 | N77: 34.6 | O77: 28.1 | P77: 31.3 | Q77: 68 | R77: 31.5 | S77: 2.8 | T77: SE | U77: 17 | V77: 3.1 | W77: 2.4 | X77: C NE | Y77: 9 | Z77: 3 | AA77: SE | AB77: 13 | AC77: 42 | AD77: 12 | AE77: 1026.1 | AF77: 1005.3 | AG77: 56 | AH77: 12.19--02.12 | AI77: 3.6 | AJ77: 102 | AK77: 11.27--03.08 | AL77: 4.7 | AM77: 39.4 | AN77: -12.8
B78: 6 | C78: 淮安 | D78: 淮阴58144 | E78: 33°36′ | F78: 119°02′ | G78: 17.5 | H78: 1971-2000 | I78: 14.4 | J78: -3.3 | K78: 1 | L78: -5.6 | M78: 72 | N78: 33.4 | O78: 28.1 | P78: 29.9 | Q78: 72 | R78: 30.2 | S78: 2.6 | T78: ESE | U78: 12 | V78: 2.9 | W78: 2.5 | X78: C ENE | Y78: 14 9 | Z78: 3.2 | AA78: C ESE | AB78: 11 9 | AC78: 48 | AD78: 20 | AE78: 1025 | AF78: 1003.9 | AG78: 93 | AH78: 12.02--03.04 | AI78: 2.3 | AJ78: 130 | AK78: 11.17--03.26 | AL78: 3.7 | AM78: 38.2 | AN78: -14.2
B79: 7 | C79: 盐城 | D79: 射阳58150 | E79: 33°46′ | F79: 120°15′ | G79: 2 | H79: 1971-2000 | I79: 14 | J79: -3.1 | K79: 1.1 | L79: -5 | M79: 74 | N79: 33.2 | O79: 28 | P79: 29.8 | Q79: 73 | R79: 29.7 | S79: 3.2 | T79: SSE | U79: 17 | V79: 3.4 | W79: 3.2 | X79: N | Y79: 11 | Z79: 4.2 | AA79: SSE | AB79: 11 | AC79: 50 | AD79: 21 | AE79: 1026.3 | AF79: 1005.6 | AG79: 94 | AH79: 12.02--03.05 | AI79: 2.2 | AJ79: 130 | AK79: 11.19--03.28 | AL79: 3.4 | AM79: 37.7 | AN79: -12.3
B80: 8 | C80: 扬州 | D80: 高邮 | E80: 32°48′ | F80: 119°27′ | G80: 5.4 | H80: 1971-2000 | I80: 14.8 | J80: -2.3 | K80: 1.8 | L80: -4.3 | M80: 75 | N80: 34 | O80: 28.3 | P80: 30.5 | Q80: 72 | R80: 30.6 | S80: 2.6 | T80: SE | U80: 14 | V80: 2.8 | W80: 2.6 | X80: NE | Y80: 9 | Z80: 2.9 | AA80: SE | AB80: 10 | AC80: 47 | AD80: 14 | AE80: 1026.2 | AF80: 1005.2 | AG80: 87 | AH80: 12.07--03.03 | AI80: 2.8 | AJ80: 119 | AK80: 11.23--03.21 | AL80: 4 | AM80: 38.2 | AN80: -11.5
B81: 9 | C81: 苏州 | D81: 吴县东山58358 | E81: 31°04′ | F81: 120°26′ | G81: 17.5 | H81: 1971-2000 | I81: 16.1 | J81: -0.4 | K81: 3.7 | L81: -2.5 | M81: 77 | N81: 34.4 | O81: 28.3 | P81: 31.3 | Q81: 70 | R81: 31.3 | S81: 3.5 | T81: SE | U81: 15 | V81: 3.9 | W81: 3.5 | X81: N | Y81: 16 | Z81: 4.8 | AA81: SE | AB81: 10 | AC81: 41 | AD81: 8 | AE81: 1024.1 | AF81: 1003.7 | AG81: 50 | AH81: 12.24--02.11 | AI81: 3.8 | AJ81: 96 | AK81: 12.02--03.07 | AL81: 5 | AM81: 38.8 | AN81: -8.3
A82: 浙江省 | B82: 1 | C82: 杭州 | D82: 杭州58457 | E82: 30°14′ | F82: 120°10′ | G82: 41.7 | H82: 1971-2000 | I82: 16.5 | J82: 0 | K82: 4.3 | L82: -2.4 | M82: 76 | N82: 35.6 | O82: 27.9 | P82: 32.3 | Q82: 64 | R82: 31.6 | S82: 2.4 | T82: SW | U82: 17 | V82: 2.9 | W82: 2.3 | X82: C N | Y82: 20 15 | Z82: 3.3 | AA82: C N | AB82: 18 11 | AC82: 36 | AD82: - | AE82: 1021.1 | AF82: 1000.9 | AG82: 40 | AH82: 01.02--02.10 | AI82: 4.2 | AJ82: 90 | AK82: 12.06--03.05 | AL82: 5.4 | AM82: 39.9 | AN82: -8.6
B83: 2 | C83: 温州 | D83: 温州58659 | E83: 28°02′ | F83: 120°39′ | G83: 28.3 | H83: 1971-2000 | I83: 18.1 | J83: 3.4 | K83: 8 | L83: 1.4 | M83: 76 | N83: 33.8 | O83: 28.3 | P83: 31.5 | Q83: 72 | R83: 29.9 | S83: 2 | T83: C ESE | U83: 29 18 | V83: 3.4 | W83: 1.8 | X83: C NW | Y83: 30 16 | Z83: 2.9 | AA83: C SE | AB83: 31 13 | AC83: 36 | AD83: - | AE83: 1023.7 | AF83: 1007 | AG83: 0 | AH83: - | AI83: - | AJ83: 33 | AK83: 01.10--02.11 | AL83: 7.5 | AM83: 39.6 | AN83: -3.9
B84: 3 | C84: 金华 | D84: 金华58549 | E84: 29°07′ | F84: 119°39′ | G84: 62.6 | H84: 1971-2000 | I84: 17.3 | J84: 0.4 | K84: 5.2 | L84: -1.7 | M84: 78 | N84: 36.2 | O84: 27.6 | P84: 33.1 | Q84: 60 | R84: 32.1 | S84: 2.4 | T84: ESE | U84: 20 | V84: 2.7 | W84: 2.7 | X84: ESE | Y84: 28 | Z84: 3.4 | AA84: ESE | AB84: 25 | AC84: 37 | AD84: - | AE84: 1017.9 | AF84: 998.6 | AG84: 27 | AH84: 01.11--02.06 | AI84: 4.8 | AJ84: 68 | AK84: 12.09--02.14 | AL84: 6 | AM84: 40.5 | AN84: -9.6
B85: 4 | C85: 衢州 | D85: 衢州58633 | E85: 28°58′ | F85: 118°52′ | G85: 66.9 | H85: 1971-2000 | I85: 17.3 | J85: 0.8 | K85: 5.4 | L85: -1.1 | M85: 80 | N85: 35.8 | O85: 27.7 | P85: 32.9 | Q85: 62 | R85: 31.5 | S85: 2.3 | T85: C E | U85: 18 18 | V85: 3.1 | W85: 2.5 | X85: E | Y85: 27 | Z85: 3.9 | AA85: S | AB85: 25 | AC85: 35 | AD85: - | AE85: 1017.1 | AF85: 997.8 | AG85: 9 | AH85: 01.12--01.12--01.20 | AI85: 4.8 | AJ85: 68 | AK85: 12.09--02.14 | AL85: 6.2 | AM85: 40 | AN85: -10
B86: 5 | C86: 宁波 | D86: 鄞州58562 | E86: 29°52′ | F86: 121°34′ | G86: 4.8 | H86: 1971-2000 | I86: 16.5 | J86: 0.5 | K86: 4.9 | L86: -1.5 | M86: 79 | N86: 35.1 | O86: 28 | P86: 31.9 | Q86: 68 | R86: 30.6 | S86: 2.6 | T86: S | U86: 17 | V86: 2.7 | W86: 2.3 | X86: C N | Y86: 18 17 | Z86: 3.4 | AA86: C S | AB86: 15 10 | AC86: 37 | AD86: - | AE86: 1025.7 | AF86: 1005.9 | AG86: 32 | AH86: 01.09--02.09 | AI86: 4.6 | AJ86: 88 | AK86: 12.08--03.05 | AL86: 5.8 | AM86: 39.5 | AN86: -8.5
B87: 6 | C87: 嘉兴 | D87: 平湖58464 | E87: 30°37′ | F87: 121°05′ | G87: 5.4 | H87: 1971-2000 | I87: 15.8 | J87: -0.7 | K87: 3.9 | L87: -2.6 | M87: 81 | N87: 33.5 | O87: 28.3 | P87: 30.7 | Q87: 74 | R87: 30.7 | S87: 3.6 | T87: SSE | U87: 17 | V87: 4.4 | W87: 3.1 | X87: NNW | Y87: 14 | Z87: 4.1 | AA87: ESE | AB87: 10 | AC87: 42 | AD87: - | AE87: 1025.4 | AF87: 1005.3 | AG87: 44 | AH87: 12.31--02.12 | AI87: 3.9 | AJ87: 99 | AK87: 11.29--03.07 | AL87: 5.2 | AM87: 38.4 | AN87: -10.6
B88: 7 | C88: 绍兴 | D88: 嵊州58556 | E88: 29°36′ | F88: 120°49′ | G88: 104.3 | H88: 1971-2000 | I88: 16.5 | J88: -0.3 | K88: 4.5 | L88: -2.6 | M88: 76 | N88: 35.8 | O88: 27.7 | P88: 32.5 | Q88: 63 | R88: 31.1 | S88: 2.1 | T88: C NE | U88: 29 9 | V88: 3.9 | W88: 2.7 | X88: C NNE | Y88: 28 23 | Z88: 4.3 | AA88: C NE | AB88: 28 16 | AC88: 37 | AD88: - | AE88: 1012.9 | AF88: 994 | AG88: 40 | AH88: 01.02--02.10 | AI88: 4.4 | AJ88: 91 | AK88: 12.05--03.05 | AL88: 5.6 | AM88: 40.3 | AN88: -9.6
B89: 8 | C89: 舟山 | D89: 定海58477 | E89: 30°02′ | F89: 122°06′ | G89: 35.7 | H89: 1971-2000 | I89: 16.4 | J89: 1.4 | K89: 5.8 | L89: -0.5 | M89: 74 | N89: 32.2 | O89: 27.5 | P89: 30 | Q89: 74 | R89: 28.9 | S89: 3.1 | T89: C SSE | U89: 16 15 | V89: 3.7 | W89: 3.1 | X89: C N | Y89: 19 18 | Z89: 4.1 | AA89: C N | AB89: 18 11 | AC89: 41 | AD89: - | AE89: 1021.2 | AF89: 1005.3 | AG89: 8 | AH89: 01.29--02.05 | AI89: 4.8 | AJ89: 77 | AK89: 12.19--03.05 | AL89: 6.3 | AM89: 38.6 | AN89: -5.5
B90: 9 | C90: 台州 | D90: 玉环58667 | E90: 28°05′ | F90: 121°16′ | G90: 95.9 | H90: 1971-2000 | I90: 17.1 | J90: 2.1 | K90: 7.2 | L90: 0.1 | M90: 72 | N90: 30.3 | O90: 27.3 | P90: 28.9 | Q90: 80 | R90: 28.4 | S90: 5.2 | T90: WSW | U90: 11 | V90: 4.6 | W90: 5.3 | X90: NNE | Y90: 25 | Z90: 5.8 | AA90: NNE | AB90: 16 | AC90: 39 | AD90: - | AE90: 1012.9 | AF90: 997.3 | AG90: 0 | AH90: - | AI90: - | AJ90: 43 | AK90: 01.02--02.13 | AL90: 6.9 | AM90: 34.7 | AN90: -4.6
B91: 10 | C91: 丽水 | D91: 丽水58646 | E91: 28°27′ | F91: 119°55′ | G91: 60.8 | H91: 1971-2000 | I91: 18.1 | J91: 1.5 | K91: 6.6 | L91: -0.7 | M91: 77 | N91: 36.8 | O91: 27.7 | P91: 34 | Q91: 57 | R91: 31.5 | S91: 1.3 | T91: C ESE | U91: 41 10 | V91: 2.3 | W91: 1.4 | X91: C E | Y91: 45 14 | Z91: 3.1 | AA91: C E | AB91: 43 11 | AC91: 33 | AD91: - | AE91: 1017.9 | AF91: 999.2 | AG91: 0 | AH91: - | AI91: - | AJ91: 57 | AK91: 12.18--02.12 | AL91: 6.8 | AM91: 41.3 | AN91: -7.5
A92: 安徽省 | B92: 1 | C92: 合肥 | D92: 合肥58321 | E92: 31°52′ | F92: 117°14′ | G92: 27.9 | H92: 1971-2000 | I92: 15.8 | J92: -1.7 | K92: 2.6 | L92: -4.2 | M92: 76 | N92: 35 | O92: 28.1 | P92: 31.4 | Q92: 69 | R92: 31.7 | S92: 2.9 | T92: C SSW | U92: 11 10 | V92: 3.4 | W92: 2.7 | X92: C E | Y92: 17 10 | Z92: 3 | AA92: C E | AB92: 14 9 | AC92: 40 | AD92: 8 | AE92: 1022.3 | AF92: 1001.2 | AG92: 64 | AH92: 12.11--02.12 | AI92: 3.4 | AJ92: 103 | AK92: 11.24--03.06 | AL92: 4.3 | AM92: 39.1 | AN92: -13.5
B93: 2 | C93: 芜湖 | D93: 芜湖58334 | E93: 31°20′ | F93: 118°23′ | G93: 14.8 | H93: 1971-1985 | I93: 16 | J93: -1.3 | K93: 3 | L93: -3.5 | M93: 77 | N93: 35.3 | O93: 27.7 | P93: 31.7 | Q93: 68 | R93: 31.9 | S93: 2.3 | T93: C ESE | U93: 16 15 | V93: 1.3 | W93: 2.2 | X93: C E | Y93: 20 11 | Z93: 2.8 | AA93: C ESE | AB93: 18 14 | AC93: 38 | AD93: 9 | AE93: 1024.3 | AF93: 1003.1 | AG93: 62 | AH93: 12.15--02.14 | AI93: 3.4 | AJ93: 104 | AK93: 12.02--03.15 | AL93: 4.5 | AM93: 39.5 | AN93: -10.1
B94: 3 | C94: 蚌埠 | D94: 蚌埠58221 | E94: 32°57′ | F94: 117°23′ | G94: 18.7 | H94: 1971-2000 | I94: 15.4 | J94: -2.6 | K94: 1.8 | L94: -5 | M94: 71 | N94: 35.4 | O94: 28 | P94: 31.3 | Q94: 66 | R94: 31.6 | S94: 2.5 | T94: C E | U94: 14 10 | V94: 2.8 | W94: 2.3 | X94: C E | Y94: 18 11 | Z94: 3.1 | AA94: C E | AB94: 16 11 | AC94: 44 | AD94: 11 | AE94: 1024 | AF94: 1002.6 | AG94: 83 | AH94: 12.07--02.27 | AI94: 2.9 | AJ94: 111 | AK94: 11.23--03.13 | AL94: 3.8 | AM94: 40.3 | AN94: -13
B95: 4 | C95: 安庆 | D95: 安庆58424 | E95: 30°32′ | F95: 117°03′ | G95: 19.8 | H95: 1971-2000 | I95: 16.8 | J95: -0.2 | K95: 4 | L95: 2.9 | M95: 75 | N95: 35.3 | O95: 28.1 | P95: 31.8 | Q95: 66 | R95: 32.1 | S95: 2.9 | T95: ENE | U95: 24 | V95: 3.4 | W95: 3.2 | X95: ENE | Y95: 33 | Z95: 4.1 | AA95: ENE | AB95: 30 | AC95: 36 | AD95: 13 | AE95: 1023.3 | AF95: 1002.3 | AG95: 48 | AH95: 12.25--02.10 | AI95: 4.1 | AJ95: 92 | AK95: 12.03--03.04 | AL95: 5.3 | AM95: 39.5 | AN95: -9
B96: 5 | C96: 六安 | D96: 六安58311 | E96: 31°45′ | F96: 116°30′ | G96: 60.5 | H96: 1971-2000 | I96: 15.7 | J96: -1.8 | K96: 2.6 | L96: -4.6 | M96: 76 | N96: 35.5 | O96: 28 | P96: 31.4 | Q96: 68 | R96: 31.4 | S96: 2.1 | T96: C SSE | U96: 16 12 | V96: 2.7 | W96: 2 | X96: C SE | Y96: 21 9 | Z96: 2.8 | AA96: C SSE | AB96: 19 10 | AC96: 45 | AD96: 10 | AE96: 1019.3 | AF96: 998.2 | AG96: 64 | AH96: 12.11--02.12 | AI96: 3.3 | AJ96: 103 | AK96: 11.24--03.06 | AL96: 4.3 | AM96: 40.6 | AN96: -13.6
B97: 6 | C97: 亳州 | D97: 亳州58102 | E97: 33°52′ | F97: 115°46′ | G97: 37.7 | H97: 1971-2000 | I97: 14.7 | J97: -3.5 | K97: 0.6 | L97: -5.7 | M97: 68 | N97: 35 | O97: 27.8 | P97: 31.1 | Q97: 66 | R97: 30.7 | S97: 2.3 | T97: C SSW | U97: 13 10 | V97: 2.9 | W97: 2.5 | X97: C NNE | Y97: 11 9 | Z97: 3.3 | AA97: C NNW | AB97: 12 8 | AC97: 48 | AD97: 18 | AE97: 1021.9 | AF97: 100.4 | AG97: 93 | AH97: 11.30--03.02 | AI97: 2.1 | AJ97: 121 | AK97: 11.15--03.15 | AL97: 3.2 | AM97: 41.3 | AN97: -17.5
B98: 7 | C98: 黄山 | D98: 黄山58437 | E98: 30°08′ | F98: 118°09′ | G98: 1840.4 | H98: 1971-2000 | I98: 8 | J98: -9.9 | K98: -2.4 | L98: -13 | M98: 63 | N98: 22 | O98: 19.2 | P98: 19 | Q98: 90 | R98: 19.9 | S98: 6.1 | T98: WSW | U98: 12 | V98: 7.7 | W98: 6.3 | X98: NNW | Y98: 17 | Z98: 7 | AA98: NNW | AB98: 10 | AC98: 48 | AD98: - | AE98: 817.4 | AF98: 814.3 | AG98: 148 | AH98: 11.09--04.15 | AI98: 0.3 | AJ98: 177 | AK98: 10.24--04.18 | AL98: 1.4 | AM98: 27.6 | AN98: -22.7
B99: 8 | C99: 滁州 | D99: 滁州58236 | E99: 32°18′ | F99: 118°18′ | G99: 27.5 | H99: 1971-2000 | I99: 15.4 | J99: -1.8 | K99: 2.3 | L99: -4.2 | M99: 73 | N99: 34.5 | O99: 28.2 | P99: 31 | Q99: 70 | R99: 31.2 | S99: 2.4 | T99: C SSW | U99: 17 10 | V99: 2.5 | W99: 2.2 | X99: C N | Y99: 22 9 | Z99: 2.8 | AA99: C ESE | AB99: 20 8 | AC99: 42 | AD99: 11 | AE99: 1022.9 | AF99: 1001.8 | AG99: 67 | AH99: 12.10--02.14 | AI99: 3.2 | AJ99: 110 | AK99: 11.24--03.13 | AL99: 4.2 | AM99: 38.7 | AN99: -13
B100: 9 | C100: 阜阳 | D100: 阜阳58203 | E100: 32°55′ | F100: 115°49′ | G100: 30.6 | H100: 1971-2000 | I100: 15.3 | J100: -2.5 | K100: 1.8 | L100: -5.2 | M100: 71 | N100: 35.2 | O100: 28.1 | P100: 31.3 | Q100: 67 | R100: 31.4 | S100: 2.3 | T100: C SSE | U100: 11 10 | V100: 2.4 | W100: 2.5 | X100: C ESE | Y100: 10 9 | Z100: 2.5 | AA100: C ESE | AB100: 10 9 | AC100: 43 | AD100: 13 | AE100: 1022.5 | AF100: 1000.8 | AG100: 71 | AH100: 12.06--02.14 | AI100: 2.8 | AJ100: 111 | AK100: 11.22--03.12 | AL100: 3.8 | AM100: 40.8 | AN100: -14.9
...

Sheet 1-室外设计气象参数
B1: 使用说明：仅需根据项目情况输入黄色区域的参数
A2: C.0 | B2: 室外设计气象参数《GB50736-2012》 | D2: Design Atmosphere Date of Outdoor | L2: 从气象参数表中复制
G3: 设计地点
A5: 设计地点 | B5: 地理位置 | C5: 省/直辖市/自治区 | D5: Design location | E5: L | F5: — | G5: =L5 -> 0
C6: 序号 | G6: =L6 -> 5 | L6: 5
C7: 市/区/自治州 | D7: Design location | E7: L | F7: — | G7: =L7 -> 常州 | L7: 常州
A8: 气象台站信息 | C8: 台站名称 | D8: Atmosphere station Name | E8: N | F8: — | G8: =L8 -> 常州58343 | L8: 常州58343
C9: 北纬 | D9: Northern latitude | E9: N | F9: ° | G9: =L9 -> 31°46′ | L9: 31°46′
C10: 东经 | D10: East longitude | E10: E | F10: ° | G10: =L10 -> 119°56′ | L10: 119°56′
C11: 海拔 | D11: Height above sea level | E11: H | F11: m | G11: =L11 -> 4.9 | L11: 4.9
C12: 统计年份 | D12: Year of date | E12: Y | F12: — | G12: =L12 -> 1971-2000 | L12: 1971-2000
A13: 室外设计计算 温湿度 | B13: 全年 | C13: 年平均温度 | D13: Average temperatures of year | E13: Ty | F13: ℃ | G13: =L13 -> 15.8 | L13: 15.8
B14: 冬季 | C14: 供暖室外计算温度 | D14: Heating bulb temperature | E14: HB | F14: ℃ | G14: =L14 -> -1.2 | L14: -1.2
B15: 冬季 | C15: 通风室外计算温度 | D15: EFtilated bulb temperature in winter | E15: VB | F15: ℃ | G15: =L15 -> 3.1 | L15: 3.1
B16: 冬季 | C16: 空气调节室外计算温度 | D16: Dry bulb temperature for AC in winter | E16: DB | F16: ℃ | G16: =L16 -> -3.5 | L16: -3.5
B17: 冬季 | C17: 空调调节相对湿度 | D17: Relative humidity in winter | E17: RH | F17: % | G17: =L17 -> 75 | L17: 75
B18: 夏季 | C18: 空气调节室外计算干球温度 | D18: Dry bulb temperature for AC in summer | E18: DB | F18: ℃ | G18: =L18 -> 34.6 | L18: 34.6
B19: 夏季 | C19: 空气调节室外计算湿球温度 | D19: Wet bulb temperature for AC in summer | E19: WB | F19: ℃ | G19: =L19 -> 28.1 | L19: 28.1
B20: 夏季 | C20: 通风室外计算温度 | D20: EFtilated bulb temperature in summer | E20: VB | F20: ℃ | G20: =L20 -> 31.3 | L20: 31.3
B21: 夏季 | C21: 通风室外计算相对湿度 | D21: Relative humidity for EF in summer | E21: RH | F21: ℃ | G21: =L21 -> 68 | L21: 68
B22: 夏季 | C22: 空调室外计算日平均温度 | D22: Average temperatures for AC in summer | E22: Ts | F22: ℃ | G22: =L22 -> 31.5 | L22: 31.5
A23: 风向、 风速及 频率 | B23: 夏季 | C23: 室外平均风速 | D23: Outdoor mean wind speed in summer | E23: v | F23: m/s | G23: =L23 -> 2.8 | L23: 2.8
B24: 夏季 | C24: 室外最多风向 | D24: Wind direction in summer | E24: f | F24: — | G24: =L24 -> SE | L24: SE
B25: 夏季 | C25: 室外最多风向频率 | D25: Wind direction frequencly in summer | E25: f | F25: % | G25: =L25 -> 17 | L25: 17
B26: 夏季 | C26: 室外最多风向平均风速 | D26: Wind direction frequencly wind speed | E26: v | F26: m/s | G26: =L26 -> 3.1 | L26: 3.1
B27: 冬季 | C27: 室外平均风速 | D27: Outdoor mean wind speed in winter | E27: v | F27: m/s | G27: =L27 -> 2.4 | L27: 2.4
B28: 冬季 | C28: 室外最多风向 | D28: Wind direction in winter | E28: f | F28: — | G28: =L28 -> C NE | L28: C NE
B29: 冬季 | C29: 室外最多风向频率 | D29: Wind direction frequencn in winter | E29: f | F29: % | G29: =L29 -> 9 | L29: 9
B30: 冬季 | C30: 室外最多风向平均风速 | D30: Wind direction frequencly wind speed | E30: v | F30: m/s | G30: =L30 -> 3 | I30: WS | L30: 3
B31: 全年 | C31: 年最多风向 | D31: Wind direction in year | E31: v | F31: — | G31: =L31 -> SE | L31: SE
B32: 全年 | C32: 年最多风向频率 | D32: Wind direction frequencnin year | E32: v | F32: — | G32: =L32 -> 13 | L32: 13
A33: 日照冻土 | B33: 冬季 | C33: 日照百分率 | E33: φ | F33: % | G33: =L33 -> 42 | L33: 42
B34: 冬季 | C34: 最大冻土深度 | E34: h | F34: m | G34: =L34 -> 12 | L34: 12
A35: 大气压力 | B35: 夏季 | C35: 室外大气压力 | D35: Barometric pressure in summer | E35: Ps | F35: hPa | G35: =L35 -> 1026.1 | I35: kpa | L35: 1026.1
B36: 冬季 | C36: 室外大气压力 | D36: Barometric pressure in winter | E36: Pw | F36: hPa | G36: =L36 -> 1005.3 | I36: kpa | L36: 1005.3
A37: 设计计算用供暖期天数及其平均温度 | B37: 冬季 | C37: 日平均温度≤+5℃的天数 | E37: d | F37: d | G37: =L37 -> 56 | L37: 56
B38: 冬季 | C38: 日平均温度≤+5℃的起止日期 | E38: date | F38: — | G38: =L38 -> 12.19--02.12 | L38: 12.19--02.12
B39: 冬季 | C39: 平均温度≤+5℃期间内的平均温度 | E39: Tc | F39: ℃ | G39: =L39 -> 3.6 | L39: 3.6
B40: 冬季 | C40: 日平均温度≤+8℃的天数 | E40: d | F40: d | G40: =L40 -> 102 | L40: 102
B41: 冬季 | C41: 日平均温度≤+8℃的起止日期 | E41: date | F41: — | G41: =L41 -> 11.27--03.08 | L41: 11.27--03.08
B42: 冬季 | C42: 平均温度≤+8℃期间内的平均温度 | E42: Tc | F42: ℃ | G42: =L42 -> 4.7 | L42: 4.7
A43: 洁净室 极端气温 | B43: 夏季 | C43: 极端最高气温 | D43: Extreme temperature for CR in summer | E43: Tsj | F43: ℃ | G43: =L43 -> 39.4 | L43: 39.4
B44: 冬季 | C44: 极端最低气温 | D44: Extreme temperature for CR in winter | E44: Twj | F44: ℃ | G44: =L44 -> -12.8 | L44: -12.8
A45: 焓湿图-室外空调 | B45: 夏季 | C45: 室外空调计算含湿量 | D45: Air humidity for AC in summer | E45: d | F45: d/kg | G45: 21.8 | H45: 此部分为根据已知参数计算输入量
B46: 夏季 | C46: 室外空调计算焓值 | D46: Air enthalpy for AC in summer | E46: h | F46: kJ/kg | G46: =1.01*G18+(2500+1.84*G18)*(G45/1000) -> 90.833875
B47: 夏季 | C47: 室外空调计算露点温度 | D47: Dew-point bulb temperature for AC | E47: L | F47: ℃ | G47: =L47 -> 0 | I47: DP
B48: 冬季 | C48: 室外空调计算含湿量 | D48: Air humidity for AC in winter | E48: d | F48: d/kg | G48: 2.08 | I48: HR
B49: 冬季 | C49: 室外空调计算焓值 | D49: Air enthalpy for AC in winter | E49: h | F49: kJ/kg | G49: =1.01*G16+(2500+1.84*G16)*(G48/1000) -> 1.6516048
A50: 焓湿图-室外空调-洁净室 | B50: 夏季 | C50: 室外空调计算极端含湿量 | D50: Extreme air humidity for AC in summer | E50: dj | F50: d/kg | G50: 21.2 | H50: 此部分为查取中国气象数据集
B51: 夏季 | C51: 室外空调计算极端焓值 | D51: Extreme air enthalpy for AC in summer | E51: hj | F51: kJ/kg | G51: =1.01*G43+(2500+1.84*G43)*(G50/1000) -> 94.330915
B52: 冬季 | C52: 室外空调计算极端含湿量 | D52: Extreme air humidity for AC in winter | E52: dj | F52: d/kg | G52: =L52 -> 0 | H52: 此部分为查取中国气象数据集
B53: 冬季 | C53: 室外空调计算极端焓值 | D53: Extreme air enthalpy for AC in winter | E53: hj | F53: kJ/kg | G53: =1.01*G44+(2500+1.84*G44)*(G52/1000) -> -12.928

Sheet 2-室内房间参数
A1: 使用说明：仅需根据项目情况输入黄色区域的参数
A2: 序号
A3: 3 | B3: 房间编号 | D3: 2F-01 | E3: 2F-02 | T3: 合计 | X3: 合计 | Z3: 常用室内设计参数
A4: 4 | B4: 房间名 | D4: 1 | E4: 1 | Z4: 温度℃ | AA4: 相对湿度% | AB4: 含湿量g/kg | AC4: 焓值 | AD4: 室内露点温度
A5: 5 | B5: 面积 | C5: m2 | D5: 288 | E5: 288 | T5: =SUM(D5:S5) -> 576 | Z5: 22 | AA5: 0.55 | AB5: 9.1 | AC5: 45.4 | AD5: 12.4
A6: 6 | B6: 吊顶高 | C6: m | D6: 3 | E6: 3 | Z6: 22 | AA6: 0.5 | AB6: 8.3 | AC6: 43.3 | AD6: 11
A7: 7 | B7: 设计温度 | C7: ℃ | D7: 23±2 | E7: 23±2 | Z7: 22 | AA7: 0.45 | AB7: 7.5 | AC7: 41.1 | AD7: 9.4
A8: 8 | B8: 设计湿度 | C8: % | D8: 45±5 | E8: 45±5 | Z8: 23 | AA8: 0.45 | AB8: 8 | AC8: 43.6 | AD8: 10.3
A9: 9 | B9: 净化级别 | C9: CR | D9: ISO5.0 | E9: ISO5.0 | Z9: 24 | AA9: 0.55 | AB9: 10.3 | AC9: 50.5 | AD9: 14.2
A10: 10 | B10: 控制粒径 | C10: um | D10: 0.5 | E10: 0.5 | Z10: 24 | AA10: 0.5 | AB10: 9.4 | AC10: 48.1 | AD10: 12.8
A11: 11 | B11: 压力 | C11: Pa | D11: 20 | E11: 20 | Z11: 24 | AA11: 0.45 | AB11: 8.4 | AC11: 45.7 | AD11: 11.2
A12: 12 | B12: 噪声 | C12: dB(A)
A13: 13 | B13: 特殊要求 | C13: URS
B14: 室内设计参数（夏季）
A15: 15 | B15: 夏季计算温度 | C15: ℃ | D15: =LEFT(D7,2) -> 23 | E15: =LEFT(E7,2) -> 23 | F15: =LEFT(F7,2)
A16: 16 | B16: 夏季温度精度 | C16: ℃ | D16: =RIGHT(D7,1) -> 2 | E16: =RIGHT(E7,1) -> 2
A17: 17 | B17: 夏季计算湿度 | C17: % | D17: =LEFT(D8,2) -> 45 | E17: =LEFT(E8,2) -> 45
A18: 18 | B18: 夏季湿度精度 | C18: % | D18: =RIGHT(D8,2) -> ±5 | E18: =RIGHT(E8,2) -> ±5
A19: 19 | B19: 夏季室内含湿量 | C19: g/kg | D19: 8 | E19: 8
A20: 20 | B20: 夏季室内焓值 | C20: kj/kg | D20: =1.01*D15+(2500+1.84*D15)*(D19/1000) -> 43.56856 | E20: =1.01*E15+(2500+1.84*E15)*(E19/1000) -> 43.56856
A21: 21 | B21: 夏季室内露点温度 | C21: ℃ | D21: 10.3 | E21: 10.3
B22: 室内设计参数（冬季）
A23: 22 | B23: 冬季计算温度 | C23: ℃ | D23: =D15 -> 23 | E23: =E15 -> 23
A24: 23 | B24: 冬季温度精度 | C24: ℃ | D24: =D16 -> 2 | E24: =E16 -> 2
A25: 24 | B25: 冬季计算湿度 | C25: % | D25: =D17 -> 45 | E25: =E17 -> 45
A26: 25 | B26: 冬季湿度精度 | C26: % | D26: =D18 -> ±5 | E26: =E18 -> ±5
A27: 26 | B27: 室内含湿量 | C27: g/kg | D27: =D19 -> 8 | E27: =E19 -> 8
A28: 27 | B28: 室内焓值 | C28: kj/kg | D28: =1.01*D23+(2500+1.84*D23)*(D27/1000) -> 43.56856 | E28: =1.01*E23+(2500+1.84*E23)*(E27/1000) -> 43.56856
A29: 28 | B29: 室内露点温度 | C29: ℃ | D29: =D21 -> 10.3 | E29: =E21 -> 10.3

Sheet 3-洁净区(参数展示）
A1: 使用说明：仅需根据项目情况输入黄色区域的参数
A2: 序号 | B2: 房间编号 | D2: ='2-室内房间参数'!D3 -> 2F-01 | E2: ='2-室内房间参数'!E3 -> 2F-02 | F2: ='2-室内房间参数'!F3 -> 0 | G2: ='2-室内房间参数'!G3 -> 0 | H2: ='2-室内房间参数'!H3 -> 0
A3: 2 | B3: 房间名 | C3: 单位 | D3: ='2-室内房间参数'!D4 -> 1 | E3: ='2-室内房间参数'!E4 -> 1 | F3: ='2-室内房间参数'!F4 -> 0 | G3: ='2-室内房间参数'!G4 -> 0 | H3: ='2-室内房间参数'!H4 -> 0 | L3: 合计 | N3: 备注说明
B4: 面积 | C4: sm | D4: ='2-室内房间参数'!D5 -> 288 | E4: ='2-室内房间参数'!E5 -> 288 | F4: ='2-室内房间参数'!F5 -> 0 | G4: ='2-室内房间参数'!G5 -> 0 | H4: ='2-室内房间参数'!H5 -> 0 | L4: =SUM(D4:E4) -> 576
B5: 吊顶高 | C5: m | D5: ='2-室内房间参数'!D6 -> 3 | E5: ='2-室内房间参数'!E6 -> 3 | F5: ='2-室内房间参数'!F6 -> 0 | G5: ='2-室内房间参数'!G6 -> 0 | H5: ='2-室内房间参数'!H6 -> 0
B6: 设计温度 | C6: °C | D6: ='2-室内房间参数'!D15 -> 23 | E6: ='2-室内房间参数'!E15 -> 23 | F6: ='2-室内房间参数'!F15 | G6: ='2-室内房间参数'!G15 -> 0 | H6: ='2-室内房间参数'!H15 -> 0
B7: 设计湿度 | C7: % | D7: ='2-室内房间参数'!D17 -> 45 | E7: ='2-室内房间参数'!E17 -> 45 | F7: ='2-室内房间参数'!F17 -> 0 | G7: ='2-室内房间参数'!G17 -> 0 | H7: ='2-室内房间参数'!H17 -> 0
B8: 净化级别 | C8: CR | D8: ='2-室内房间参数'!D9 -> ISO5.0 | E8: ='2-室内房间参数'!E9 -> ISO5.0 | F8: ='2-室内房间参数'!F9 -> 0 | G8: ='2-室内房间参数'!G9 -> 0 | H8: ='2-室内房间参数'!H9 -> 0
B9: 控制粒径 | C9: um | D9: ='2-室内房间参数'!D10 -> 0.5 | E9: ='2-室内房间参数'!E10 -> 0.5 | F9: ='2-室内房间参数'!F10 -> 0 | G9: ='2-室内房间参数'!G10 -> 0 | H9: ='2-室内房间参数'!H10 -> 0
B10: 压力 | C10: Pa | D10: ='2-室内房间参数'!D11 -> 20 | E10: ='2-室内房间参数'!E11 -> 20 | F10: ='2-室内房间参数'!F11 -> 0 | G10: ='2-室内房间参数'!G11 -> 0 | H10: ='2-室内房间参数'!H11 -> 0
B11: 室内空气含湿量 | C11: g/kg | D11: ='2-室内房间参数'!D19 -> 8 | E11: ='2-室内房间参数'!E19 -> 8 | F11: ='2-室内房间参数'!F19 -> 0 | G11: ='2-室内房间参数'!G19 -> 0 | H11: ='2-室内房间参数'!H19 -> 0 | L11: =D11 -> 8
B12: 室内空气焓值 | C12: kj/kg | D12: ='2-室内房间参数'!D20 -> 43.56856 | E12: ='2-室内房间参数'!E20 -> 43.56856 | F12: ='2-室内房间参数'!F20 -> 0 | G12: ='2-室内房间参数'!G20 -> 0 | H12: ='2-室内房间参数'!H20 -> 0 | L12: =D12 -> 43.56856
B13: 室内空气露点温度 | C13: °C | D13: ='2-室内房间参数'!D21 -> 10.3 | E13: ='2-室内房间参数'!E21 -> 10.3 | F13: ='2-室内房间参数'!F21 -> 0 | G13: ='2-室内房间参数'!G21 -> 0 | H13: ='2-室内房间参数'!H21 -> 0 | L13: =D13 -> 10.3
B14: 洁净换气次数 | C14: ACH | N14: 按净化级别，详见表格
B15: 洁净截面风速 | C15: m/s | N15: 按净化级别，详见表格
B16: 洁净循环风量 | C16: CMH | D16: =MAX(D15*D4*3600,D4*D5*D14) -> 0 | E16: =MAX(E15*E4*3600,E4*E5*E14) -> 0 | F16: =MAX(F15*F4*3600,F4*F5*F14) -> 0 | G16: =MAX(G15*G4*3600,G4*G5*G14) -> 0 | H16: =MAX(H15*H4*3600,H4*H5*H14) -> 0 | L16: =SUM(D16:E16) -> 0
B17: FFU满布率 | C17: % | D17: =D16/3600/(D4*D74) -> 0 | E17: =E16/3600/(E4*E74) -> 0 | F17: =F16/3600/(F4*F74) -> #DIV/0! | G17: =G16/3600/(G4*G74) -> #DIV/0! | H17: =H16/3600/(H4*H74) -> #DIV/0!
B18: 人员数量 | C18: 人
B19: 工艺热排风量-GEX | C19: CMH | L19: =SUM(D19:E19) -> 0
B20: 工艺酸排风量-SEX | C20: CMH | L20: =SUM(D20:E20) -> 0
B21: 工艺碱排风量-AEX | C21: CMH | L21: =SUM(D21:E21) -> 0
B22: 工艺有机排风量-VEX | C22: CMH | L22: =SUM(D22:E22) -> 0
B23: 一般全室排风-CEX | C23: CMH | L23: =SUM(D23:E23) -> 0
B24: 室内正压风量（按经验公式） | C24: CMH | D24: =D4*D5*1.2*(D10/10)^0.5 -> 1466.2566 | E24: =E4*E5*1.2*(E10/10)^0.5 -> 1466.2566 | F24: =F4*F5*1.2*(F10/10)^0.5 -> 0 | G24: =G4*G5*1.2*(G10/10)^0.5 -> 0 | H24: =H4*H5*1.2*(H10/10)^0.5 -> 0 | L24: =SUM(D24:E24) -> 2932.5132
B25: 正压风量换气次数
B26: 室内正压风量（按换气次数） | C26: CMH | D26: =D25*D4*D5 -> 0 | E26: =E25*E4*E5 -> 0 | F26: =F25*F4*F5 -> 0 | G26: =G25*G4*G5 -> 0 | H26: =H25*H4*H5 -> 0
B27: 室内正压风量(取大值） | C27: CMH | D27: =MAX(D24,D26) -> 1466.2566 | E27: =MAX(E24,E26) -> 1466.2566 | F27: =MAX(F24,F26) -> 0 | G27: =MAX(G24,G26) -> 0 | H27: =MAX(H24,H26) -> 0
B28: 人员新风量指标 | C28: CMH/人 | D28: 40 | E28: 40 | F28: 40 | G28: 40 | H28: 40
B29: 人员新风量 | C29: CMH | D29: =D18*D28 -> 0 | E29: =E18*E28 -> 0 | F29: =F18*F28 -> 0 | G29: =G18*G28 -> 0 | H29: =H18*H28 -> 0 | L29: =SUM(D29:E29) -> 0
B30: 人员湿负荷指标 | C30: g/h/人 | D30: 80 | E30: 80 | F30: 80 | G30: 80 | H30: 80
B31: 人员湿负荷 | C31: g/h | D31: =D18*D30 -> 0 | E31: =E18*E30 -> 0 | F31: =F18*F30 -> 0 | G31: =G18*G30 -> 0 | H31: =H18*H30 -> 0 | L31: =SUM(D31:E31) -> 0
B32: 室内冷负荷计算
B33: 夏冬季
B34: 维护结构冷负荷指标 | C34: w/m2 | D34: 50 | E34: 50 | F34: 50 | G34: 50 | H34: 50
B35: 维护结构冷负荷 | C35: Kw | D35: =D4*D34/1000 -> 14.4 | E35: =E4*E34/1000 -> 14.4 | F35: =F4*F34/1000 -> 0 | G35: =G4*G34/1000 -> 0 | H35: =H4*H34/1000 -> 0 | L35: =SUM(D35:E35) -> 28.8
B36: 维护结构热负荷指标 | C36: w/m2 | D36: 40 | E36: 40 | F36: 40 | G36: 40 | H36: 40
B37: 维护结构热负荷 | C37: Kw | D37: =D4*D36/1000 -> 11.52 | E37: =E4*E36/1000 -> 11.52 | F37: =F4*F36/1000 -> 0 | G37: =G4*G36/1000 -> 0 | H37: =H4*H36/1000 -> 0 | L37: =SUM(D37:E37) -> 23.04
B38: 人员冷负荷指标 | C38: w/人 | D38: 118 | E38: 118 | F38: 118 | G38: 118 | H38: 118
B39: 人员冷负荷(显热) | C39: Kw | D39: =D18*D38/1000 -> 0 | E39: =E18*E38/1000 -> 0 | F39: =F18*F38/1000 -> 0 | G39: =G18*G38/1000 -> 0 | H39: =H18*H38/1000 -> 0 | L39: =SUM(D39:E39) -> 0
B40: 灯光冷负荷 | C40: Kw | D40: =D4*0.02 -> 5.76 | E40: =E4*0.02 -> 5.76 | F40: =F4*0.02 -> 0 | G40: =G4*0.02 -> 0 | H40: =H4*0.02 -> 0 | L40: =SUM(D40:E40) -> 11.52
B41: FFU冷负荷 | C41: Kw
B42: 工艺设备计算冷负荷 | C42: Kw | D42: =MAX(D44,D45) -> 11.52 | E42: =MAX(E44,E45) -> 11.52 | F42: =MAX(F44,F45) -> 0 | G42: =MAX(G44,G45) -> 0 | H42: =MAX(H44,H45) -> 0 | L42: =SUM(D42:E42) -> 23.04
B43: 工艺设备负荷指标 | C43: w/m2 | D43: 40 | E43: 40 | F43: 40 | G43: 40 | H43: 40
B44: 工艺设备冷负荷-面积指标法 | C44: Kw | D44: =D43*D4/1000 -> 11.52 | E44: =E43*E4/1000 -> 11.52 | F44: =F43*F4/1000 -> 0 | G44: =G43*G4/1000 -> 0 | H44: =H43*H4/1000 -> 0
B45: 工艺设备计算冷负荷 | C45: kw | D45: =D46*D47+D48*D49-D52 -> 0 | E45: =E46*E47+E48*E49-E52 -> 0 | F45: =F46*F47+F48*F49-F52 -> 0 | G45: =G46*G47+G48*G49-G52 -> 0 | H45: =H46*H47+H48*H49-H52 -> 0 | L45: =SUM(D45:E45) -> 0
B46: 工艺设备配电总功率（电动） | C46: Kw | L46: =SUM(D46:E46) -> 0
B47: 综合计算系数 | C47: φ | N47: 半导体按0.3-0.35，面板按0.25-0.3
B48: 工艺设备配电总功率（电热） | C48: Kw | L48: =SUM(D48:E48) -> 0
B49: 综合计算系数 | C49: φ | N49: 半导体按0.25-0.3，面板按0.2-0.25
B50: 工艺冷却水流量 | C50: CMH | L50: =SUM(D50:E50) -> 0
B51: 冷却水带走热量系数
B52: 冷却水带走冷量 | C52: kw | D52: =4.2*1000*D50/3600*6*D51 -> 0 | E52: =4.2*1000*E50/3600*6*E51 -> 0 | F52: =4.2*1000*F50/3600*6*F51 -> 0 | G52: =4.2*1000*G50/3600*6*G51 -> 0 | H52: =4.2*1000*H50/3600*6*H51 -> 0 | L52: =SUM(D52:E52) -> 0 | N52: 暂按6℃温差考虑
B53: 夏季室内总冷负荷 | C53: Kw | D53: =D35+D39+D40+D41+D42 -> 31.68 | E53: =E35+E39+E40+E41+E42 -> 31.68 | F53: =F35+F39+F40+F41+F42 -> 0 | G53: =G35+G39+G40+G41+G42 -> 0 | H53: =H35+H39+H40+H41+H42 -> 0 | L53: =SUM(D53:E53) -> 63.36
B54: 单位面积冷负荷 | C54: w/m2 | D54: =D53*1000/D4 -> 110 | E54: =E53*1000/E4 -> 110 | F54: =F53*1000/F4 -> #DIV/0! | G54: =G53*1000/G4 -> #DIV/0! | H54: =H53*1000/H4 -> #DIV/0! | L54: =SUM(D54:E54) -> 220
B55: 冬季室内总冷负荷 | C55: Kw | D55: =(D39+D40+D42)-D37 -> 5.76 | E55: =(E39+E40+E42)-E37 -> 5.76 | F55: =(F39+F40+F42)-F37 -> 0 | G55: =(G39+G40+G42)-G37 -> 0 | H55: =(H39+H40+H42)-H37 -> 0 | L55: =SUM(D55:E55) -> 11.52 | N55: 负值代表房间要加热
B56: 风量计算
B57: 新风空调送来新风温度 | C57: °C | D57: =#REF! -> #REF! | E57: =#REF! -> #REF! | F57: =#REF! -> #REF! | G57: =#REF! -> #REF! | H57: =#REF! -> #REF!
B58: 新风空调送来新风含湿量 | C58: g/kg | D58: =#REF! -> #REF! | E58: =#REF! -> #REF! | F58: =#REF! -> #REF! | G58: =#REF! -> #REF! | H58: =#REF! -> #REF!
B59: 新风空调送来新风焓值 | C59: kj/kg | D59: =#REF! -> #REF! | E59: =#REF! -> #REF! | F59: =#REF! -> #REF! | G59: =#REF! -> #REF! | H59: =#REF! -> #REF!
B60: 处理湿负荷需新风量 | C60: CMH | D60: =D31/1.2/(D11-D58) -> #REF! | E60: =E31/1.2/(E11-E58) -> #REF! | F60: =F31/1.2/(F11-F58) -> #REF! | G60: =G31/1.2/(G11-G58) -> #REF! | H60: =H31/1.2/(H11-H58) -> #REF! | L60: =SUM(D60:E60) -> #REF!
B61: DCC进出风温差 | C61: °C | D61: 3 | E61: 3 | F61: 3 | G61: 3 | H61: 3 | N61: 干盘管处理送风温差按3-4℃考虑
B62: 洁净计算所需送风量 | C62: CMH | D62: =D16 -> 0 | E62: =E16 -> 0 | F62: =F16 -> 0 | G62: =G16 -> 0 | H62: =H16 -> 0 | L62: =SUM(D62:E62) -> 0
B63: 冷负荷计算所需DCC进风量 | C63: CMH | D63: =D53*3600/1.2/D61/1.01 -> 31366.337 | E63: =E53*3600/1.2/E61/1.01 -> 31366.337 | F63: =F53*3600/1.2/F61/1.01 -> 0 | G63: =G53*3600/1.2/G61/1.01 -> 0 | H63: =H53*3600/1.2/H61/1.01 -> 0 | L63: =SUM(D63:E63) -> 62732.673
B64: 冷负荷计算所需送风量 | C64: CMH | D64: =D63+D68 -> 32832.593 | E64: =E63+E68 -> 32832.593 | F64: =F63+F68 -> 0 | G64: =G63+G68 -> 0 | H64: =H63+H68 -> 0 | L64: =SUM(D64:E64) -> 65665.187
B65: 设计送风风量 | C65: CMH | D65: =MAX(D64,D62) -> 32832.593 | E65: =MAX(E64,E62) -> 32832.593 | F65: =MAX(F64,F62) -> 0 | G65: =MAX(G64,G62) -> 0 | H65: =MAX(H64,H62) -> 0 | L65: =SUM(D65:E65) -> 65665.187
B66: 设计换气次数 | C66: ACH | D66: =D65/D4/D5 -> 38.000687 | E66: =E65/E4/E5 -> 38.000687 | F66: =F65/F4/F5 -> #DIV/0! | G66: =G65/G4/G5 -> #DIV/0! | H66: =H65/H4/H5 -> #DIV/0!
B67: 校核送风与室内温差 | C67: °C | D67: =D53/(1.01*1.2*D65/3600) -> 2.8660243 | E67: =E53/(1.01*1.2*E65/3600) -> 2.8660243 | F67: =F53/(1.01*1.2*F65/3600) -> #DIV/0! | G67: =G53/(1.01*1.2*G65/3600) -> #DIV/0! | H67: =H53/(1.01*1.2*H65/3600) -> #DIV/0!
B68: 设计新风量 | C68: CMH | D68: =MAX(SUM(D19+D20+D21+D22+D23+D27),D29) -> 1466.2566 | E68: =MAX(SUM(E19+E20+E21+E22+E23+E27),E29) -> 1466.2566 | F68: =MAX(SUM(F19+F20+F21+F22+F23+F27),F29) -> 0 | G68: =MAX(SUM(G19+G20+G21+G22+G23+G27),G29) -> 0 | H68: =MAX(SUM(H19+H20+H21+H22+H23+H27),H29) -> 0 | L68: =SUM(D68:E68) -> 2932.5132
B69: 新风比 | C69: % | D69: =D68/D65 -> 0.044658569 | E69: =E68/E65 -> 0.044658569 | F69: =F68/F65 -> #DIV/0! | G69: =G68/G65 -> #DIV/0! | H69: =H68/H65 -> #DIV/0!
B70: DCC回风量 | C70: CMH | D70: =D65-D68 -> 31366.337 | E70: =E65-E68 -> 31366.337 | F70: =F65-F68 -> 0 | G70: =G65-G68 -> 0 | H70: =H65-H68 -> 0 | L70: =SUM(D70:E70) -> 62732.673
B71: FFU计算
B72: FFU尺寸（过滤器尺寸） | C72: mm | D72: 1175 | E72: 1175 | F72: 1175 | G72: 1175 | H72: 1175
B73: FFU尺寸（过滤器尺寸） | C73: mm | D73: 1175 | E73: 1175 | F73: 1175 | G73: 1175 | H73: 1175
B74: 截面风速 | C74: m/s | D74: 0.35 | E74: 0.35 | F74: 0.35 | G74: 0.35 | H74: 0.35
B75: 单个风量 | C75: CMH | D75: =FLOOR(D74*3600*(D72*D73*10^-6),10) -> 1730 | E75: =FLOOR(E74*3600*(E72*E73*10^-6),10) -> 1730 | F75: =FLOOR(F74*3600*(F72*F73*10^-6),10) -> 1730 | G75: =FLOOR(G74*3600*(G72*G73*10^-6),10) -> 1730 | H75: =FLOOR(H74*3600*(H72*H73*10^-6),10) -> 1730
B76: FFU需布置台数 | C76: pcs | D76: =FLOOR(D65/D75,1) -> 18 | E76: =FLOOR(E65/E75,1) -> 18 | F76: =FLOOR(F65/F75,1) -> 0 | G76: =FLOOR(G65/G75,1) -> 0 | H76: =FLOOR(H65/H75,1) -> 0 | L76: =SUM(D76:E76) -> 36
B77: 实际布置台数 | C77: pcs | L77: =SUM(D77:E77) -> 0
B78: FFU核算满布率 | C78: % | D78: =(D72+25)*(D73+25)*10^-6*D77/D4 -> 0 | E78: =(E72+25)*(E73+25)*10^-6*E77/E4 -> 0 | F78: =(F72+25)*(F73+25)*10^-6*F77/F4 -> #DIV/0! | G78: =(G72+25)*(G73+25)*10^-6*G77/G4 -> #DIV/0! | H78: =(H72+25)*(H73+25)*10^-6*H77/H4 -> #DIV/0!
B79: 高架地板开孔率 | C79: % | D79: =D70/3600/D4/2 -> 0.015126513 | E79: =E70/3600/E4/2 -> 0.015126513 | F79: =F70/3600/F4/2 -> #DIV/0! | G79: =G70/3600/G4/2 -> #DIV/0! | H79: =H70/3600/H4/2 -> #DIV/0! | N79: 风速按1.5-2m/s算,压差在5Pa
B80: 开孔高架地板布置率 | C80: % | D80: =D79/$M$80 -> 0.088979486 | E80: =E79/$M$80 -> 0.088979486 | F80: =F79/$M$80 -> #DIV/0! | G80: =G79/$M$80 -> #DIV/0! | H80: =H79/$M$80 -> #DIV/0! | M80: 0.17
B81: 干盘管计算压损 | C81: Pa | D81: =1.2*(12.553*(D100^1.646)) -> 5.5897875 | E81: =1.2*(12.553*(E100^1.646)) -> 5.5897875 | F81: =1.2*(12.553*(F100^1.646)) -> 0 | G81: =1.2*(12.553*(G100^1.646)) -> 0 | H81: =1.2*(12.553*(H100^1.646)) -> 0
B82: 回风百叶计算压损 | C82: Pa | D82: =1.2*(2*(D117^1.4121)) -> 1.1805635 | E82: =1.2*(2*(E117^1.4121)) -> 1.1805635 | F82: =1.2*(2*(F117^1.4121)) -> 0 | G82: =1.2*(2*(G117^1.4121)) -> 0 | H82: =1.2*(2*(H117^1.4121)) -> 0
B83: 高效过滤器压损 | C83: Pa | D83: 140 | E83: 140 | F83: 140 | G83: 140 | H83: 140
B84: 初效过滤器压损 | C84: Pa | D84: 20 | E84: 20 | F84: 20 | G84: 20 | H84: 20
B85: 回风道压损 | C85: Pa | D85: 15 | E85: 15 | F85: 15 | G85: 15 | H85: 15
B86: FFU风机计算全压 | C86: Pa | D86: =SUM(D81:D85) -> 181.77035 | E86: =SUM(E81:E85) -> 181.77035 | F86: =SUM(F81:F85) -> 175 | G86: =SUM(G81:G85) -> 175 | H86: =SUM(H81:H85) -> 175
B87: FFU风机计算功率 | C87: kw | D87: =D75*(D86+70)*1.8/3600/1000 -> 0.21778135 | E87: =E75*(E86+70)*1.8/3600/1000 -> 0.21778135 | F87: =F75*(F86+70)*1.8/3600/1000 -> 0.211925 | G87: =G75*(G86+70)*1.8/3600/1000 -> 0.211925 | H87: =H75*(H86+70)*1.8/3600/1000 -> 0.211925
B88: FFU配电总功率 | C88: kw | D88: =D87*D77 -> 0 | E88: =E87*E77 -> 0 | F88: =F87*F77 -> 0 | G88: =G87*G77 -> 0 | H88: =H87*H77 -> 0
B90: DC计算
B91: 单台干盘管尺寸 | C91: mm | D91: 1200 | E91: 1200 | F91: 1200 | G91: 1200 | H91: 1200
B92: 单台干盘管尺寸 | C92: mm | D92: 1200 | E92: 1200 | F92: 1200 | G92: 1200 | H92: 1200
B93: 干盘管迎面风速 | C93: m/s | D93: 2 | E93: 2 | F93: 2 | G93: 2 | H93: 2
B94: 干盘管计算需布置数量 | C94: pcs | D94: =ROUNDUP(D70/3600/D93/(0.85*D91*D92/10^6),1) -> 3.6 | E94: =ROUNDUP(E70/3600/E93/(0.85*E91*E92/10^6),1) -> 3.6 | F94: =ROUNDUP(F70/3600/F93/(0.85*F91*F92/10^6),1) -> 0 | G94: =ROUNDUP(G70/3600/G93/(0.85*G91*G92/10^6),1) -> 0 | H94: =ROUNDUP(H70/3600/H93/(0.85*H91*H92/10^6),1) -> 0 | N94: 按2m/s
B95: 干盘管实际布置台数 | C95: pcs | D95: 13 | E95: 13 | F95: 13 | G95: 13 | H95: 13
B96: 单台干盘管处理风量 | C96: CMH | D96: =D70/D95 -> 2412.7951 | E96: =E70/E95 -> 2412.7951 | F96: =F70/F95 -> 0 | G96: =G70/G95 -> 0 | H96: =H70/H95 -> 0
B97: 单台干盘管需处理冷量 | C97: kw | D97: =D53/D95 -> 2.4369231 | E97: =E53/E95 -> 2.4369231 | F97: =F53/F95 -> 0 | G97: =G53/G95 -> 0 | H97: =H53/H95 -> 0 | N97: 不考虑新风负荷
B98: 干盘管进出水温差 | C98: °C | D98: 5 | E98: 5 | F98: 5 | G98: 5 | H98: 5
B99: 单台干盘管水量 | C99: m3/h | D99: =D97*3600/1000/4.2/D98 -> 0.41775824 | E99: =E97*3600/1000/4.2/E98 -> 0.41775824 | F99: =F97*3600/1000/4.2/F98 -> 0 | G99: =G97*3600/1000/4.2/G98 -> 0 | H99: =H97*3600/1000/4.2/H98 -> 0 | N99: 按5度温差
B100: 干盘管实际迎面风速 | C100: m/s | D100: =D96/(0.85*D91*D92*10^-6)/3600 -> 0.54756607 | E100: =E96/(0.85*E91*E92*10^-6)/3600 -> 0.54756607 | F100: =F96/(0.85*F91*F92*10^-6)/3600 -> 0 | G100: =G96/(0.85*G91*G92*10^-6)/3600 -> 0 | H100: =H96/(0.85*H91*H92*10^-6)/3600 -> 0 | N100: 小于2
B101: 干盘管送回风实际温差 | C101: °C | D101: =D97*3600/1.01/1.2/D96 -> 3 | E101: =E97*3600/1.01/1.2/E96 -> 3 | F101: =F97*3600/1.01/1.2/F96 -> #DIV/0! | G101: =G97*3600/1.01/1.2/G96 -> #DIV/0! | H101: =H97*3600/1.01/1.2/H96 -> #DIV/0!
...
